exp,site,hole,core_num,type,section,sec_half,top_offset_cm,bottom_offset_cm,volume_cc,top40,CCSF_A_m,benthic_species,δ13C,d13C_stdev,d18O,d18O_stdev,user_id,user_name,notes
361,U1474,F,1,H,1,W,3,4,18,CM1,0,,,,,,,,
361,U1474,F,1,H,1,W,15,16,18,CM2,0.12,cib,0.493,0.024,2.83,0.023,,,
361,U1474,F,1,H,1,W,27,28,18,CM3,0.24,,,,,,,,
361,U1474,F,1,H,1,W,40,41,18,CM4,0.37,uvi,-0.547,0.03,4.969,0.029,,,
361,U1474,F,1,H,1,W,52,53,18,CM5,0.49,uvi,-0.512,0.013,5.155,0.022,,,
361,U1474,F,1,H,1,W,64,65,18,CM6,0.61,uvi,-0.598,0.016,5.097,0.028,,,
361,U1474,F,1,H,1,W,64,65,18,CM6,0.61,uvi,-0.639,0.01,5.11,0.019,,,
361,U1474,F,1,H,1,W,76,77,18,CM7,0.73,cib,0.128,0.013,4.34,0.023,,,
361,U1474,F,1,H,1,W,89,90,18,CM8,0.86,cib,0.238,0.014,4.236,0.031,,,
361,U1474,F,1,H,1,W,101,102,18,CM9,0.98,cib,0.466,0.02,4.151,0.047,,,
361,U1474,F,1,H,1,W,101,102,18,CM9,0.98,cib,-0.211,0.025,4.734,0.016,,,
361,U1474,F,1,H,1,W,113,114,18,CM10,1.1,cib,0.43,0.013,3.961,0.021,,,
361,U1474,F,1,H,1,W,113,114,18,CM10,1.1,cib,0.652,0.021,4.065,0.024,,,
361,U1474,F,1,H,1,W,113,114,18,CM10,1.1,uvi,-0.215,0.026,4.482,0.028,,,
361,U1474,F,1,H,1,W,125,126,18,CM11,1.22,cib,0.377,0.013,3.754,0.033,,,
361,U1474,F,1,H,1,W,125,126,18,CM11,1.22,uvi,-0.125,0.012,4.506,0.028,,,
361,U1474,F,1,H,1,W,125,126,18,CM11,1.22,uvi,-0.195,0.012,4.555,0.028,,,
361,U1474,F,1,H,1,W,125,126,18,CM11,1.22,uvi,-0.661,0.009,4.648,0.021,,,
361,U1474,F,1,H,1,W,138,139,18,CM12,1.35,uvi,-0.507,0.021,4.625,0.027,,,
361,U1474,F,1,H,2,W,0,1,18,CM13,1.47,,,,,,,,
361,U1474,F,1,H,2,W,12,13,18,CM14,1.59,cib,,,3.553,0.026,,,
361,U1474,F,1,H,2,W,24,25,18,CM15,1.71,,,,,,,,
361,U1474,F,1,H,2,W,37,38,18,CM16,1.84,uvi,-0.08,0.021,4.514,0.027,,,
361,U1474,F,1,H,2,W,49,50,18,CM17,1.96,cib,-0.375,0.012,4.185,0.028,,,
361,U1474,F,1,H,2,W,61,62,18,CM18,2.08,uvi,-0.526,0.014,4.617,0.017,,Chiza Mwinde,
361,U1474,F,1,H,2,W,73,74,18,CM19,2.2,uvi,-0.183,0.011,4.39,0.025,,Chiza Mwinde,
361,U1474,F,1,H,2,W,86,87,18,CM20,2.33,cib,0.492,0.008,3.781,0.035,,Chiza Mwinde,
361,U1474,F,1,H,2,W,86,87,18,CM20,2.33,uvi,-0.271,0.017,4.195,0.017,,Chiza Mwinde,
361,U1474,F,1,H,2,W,86,87,18,CM20,2.33,uvi,-0.242,0.02,4.363,0.023,,Chiza Mwinde,
361,U1474,D,1,H,2,W,83,84,18,CM21,2.45,cib,0.718,0.007,3.353,0.035,,Chiza Mwinde,
361,U1474,D,1,H,2,W,83,84,18,CM21,2.45,uvi,-0.114,0.015,4.053,0.025,,Chiza Mwinde,
361,U1474,D,1,H,2,W,95,96,18,CM22,2.57,cib,0.708,0.017,3.202,0.02,,Chiza Mwinde,
361,U1474,D,1,H,2,W,95,96,18,CM22,2.57,cib,0.778,0.023,3.361,0.024,,Chiza Mwinde,
361,U1474,D,1,H,2,W,95,96,18,CM22,2.57,uvi,-0.156,0.014,3.901,0.025,,Chiza Mwinde,
361,U1474,D,1,H,2,W,107,108,18,CM23,2.69,cib,0.469,0.021,3.286,0.02,,Chiza Mwinde,
361,U1474,D,1,H,2,W,107,108,18,CM23,2.69,uvi,-0.509,0.009,4.268,0.032,,Chiza Mwinde,
361,U1474,D,1,H,2,W,107,108,18,CM23,2.69,uvi,-0.297,0.008,4.3,0.024,,Chiza Mwinde,
361,U1474,D,1,H,2,W,107,108,,,2.6928,uvi,-0.118,0.021,4.25,0.03,,Cody/Chiza,
361,U1474,D,1,H,2,W,107,108,,,2.6928,cib,0.531,0.039,3.563,0.097,,Cody/Chiza,
361,U1474,D,1,H,2,W,120,121,18,CM24,2.82,,,,,,,Chiza Mwinde,
361,U1474,D,1,H,2,W,132,133,,,2.9376,uvi,-0.198,0.006,4.015,0.037,,Cody/Chiza,
361,U1474,D,1,H,2,W,132,133,,,2.9376,cib,,,,,,Cody/Chiza,
361,U1474,D,1,H,2,W,132,133,18,CM25,2.94,cib,0.727,0.029,3.474,0.037,,Chiza Mwinde,
361,U1474,D,1,H,2,W,132,133,18,CM25,2.94,uvi,-0.021,0.023,4.077,0.015,,Chiza Mwinde,
361,U1474,D,1,H,2,W,132,133,18,CM25,2.94,uvi,-0.313,0.007,4.084,0.019,,Chiza Mwinde,
361,U1474,D,1,H,2,W,144,145,18,CM26,3.06,cib,0.617,0.022,3.239,0.028,,Chiza Mwinde,
361,U1474,D,1,H,2,W,144,145,18,CM26,3.06,uvi,-0.498,0.013,3.912,0.012,,Chiza Mwinde,
361,U1474,D,1,H,2,W,144,145,18,CM26,3.06,uvi,-0.041,0.021,3.983,0.032,,Chiza Mwinde,
361,U1474,D,1,H,3,W,8,9,18,CM27,3.18,,,,,,,Chiza Mwinde,
361,U1474,D,1,H,3,W,20,21,18,CM28,3.3,cib,0.523,0.015,3.272,0.042,,Chiza Mwinde,
361,U1474,D,1,H,3,W,20,21,18,CM28,3.3,uvi,-0.543,0.019,3.841,0.016,,Chiza Mwinde,
361,U1474,D,1,H,3,W,20,21,,,3.3048,uvi,-0.574,0.028,3.982,0.047,,Cody/Chiza,
361,U1474,D,1,H,3,W,20,21,,,3.3048,cib,,,,,,Cody/Chiza,
361,U1474,D,1,H,3,W,33,34,,,3.4272,uvi,,,,,,Cody/Chiza,
361,U1474,D,1,H,3,W,33,34,,,3.4272,cib,,,,,,Cody/Chiza,
361,U1474,D,1,H,3,W,33,34,18,CM29,3.43,cib,0.248,0.011,3.306,0.03,,Chiza Mwinde,
361,U1474,D,1,H,3,W,33,34,18,CM29,3.43,uvi,-0.187,0.024,3.935,0.023,,Chiza Mwinde,
361,U1474,D,1,H,3,W,45,46,,,3.5496,uvi,-0.248,0.009,4.239,0.032,,Cody/Chiza,
361,U1474,D,1,H,3,W,45,46,,,3.5496,cib,,,,,,Cody/Chiza,
361,U1474,D,1,H,3,W,45,46,18,CM30,3.55,cib,0.402,0.026,3.023,0.029,,Chiza Mwinde,
361,U1474,D,1,H,3,W,45,46,18,CM30,3.55,uvi,-0.292,0.024,4.17,0.024,,Chiza Mwinde,
361,U1474,D,1,H,3,W,57,58,18,CM31,3.67,cib,0.663,0.029,3.456,0.043,,Chiza Mwinde,
361,U1474,D,1,H,3,W,57,58,18,CM31,3.67,uvi,-0.134,0.012,3.875,0.033,,Chiza Mwinde,
361,U1474,D,1,H,3,W,57,58,,,3.672,uvi,-0.253,0.024,3.793,0.028,,Cody/Chiza,
361,U1474,D,1,H,3,W,57,58,,,3.672,cib,,,,,,Cody/Chiza,
361,U1474,D,1,H,3,W,69,70,18,CM32,3.79,cib,,,,,,Chiza Mwinde,
361,U1474,D,1,H,3,W,69,70,18,CM32,3.79,uvi,0.073,0.031,4.228,0.039,,Chiza Mwinde,
361,U1474,D,1,H,3,W,69,70,,,3.7944,uvi,-0.01,0.011,3.496,0.036,,Cody/Chiza,
361,U1474,D,1,H,3,W,69,70,,,3.7944,cib,,,,,,Cody/Chiza,
361,U1474,D,1,H,3,W,82,83,,,3.9168,uvi,,,,,,Cody/Chiza,
361,U1474,D,1,H,3,W,82,83,,,3.9168,cib,1.269,0.026,2.533,0.022,,Cody/Chiza,
361,U1474,D,1,H,3,W,82,83,18,CM33,3.92,cib,0.63,0.013,2.67,0.034,,Chiza Mwinde,
361,U1474,D,1,H,3,W,82,83,18,CM33,3.92,uvi,,,,,,Chiza Mwinde,
361,U1474,D,1,H,3,W,94,95,18,CM34,4.04,cib,0.484,0.02,2.687,0.016,,Chiza Mwinde,
361,U1474,D,1,H,3,W,94,95,18,CM34,4.04,uvi,,,,,,Chiza Mwinde,
361,U1474,D,1,H,3,W,106,107,18,CM35,4.16,cib,-0.234,0.022,4.192,0.026,,Chiza Mwinde,
361,U1474,D,1,H,3,W,106,107,18,CM35,4.16,uvi,-0.782,0.018,4.615,0.03,,Chiza Mwinde,
361,U1474,D,1,H,3,W,106,107,,,4.1616,uvi,,,,,,Cody/Chiza,
361,U1474,D,1,H,3,W,106,107,,,4.1616,cib,,,,,,Cody/Chiza,
361,U1474,D,1,H,3,W,118,119,18,CM36,4.28,cib,,,,,,Chiza Mwinde,
361,U1474,D,1,H,3,W,118,119,18,CM36,4.28,uvi,,,,,,Chiza Mwinde,
361,U1474,D,1,H,3,W,118,119,,,4.284,uvi,,,,,,Cody/Chiza,
361,U1474,D,1,H,3,W,118,119,,,4.284,cib,0.263,0.024,4.09,0.037,,Cody/Chiza,
361,U1474,D,1,H,3,W,131,132,18,CM37,4.41,cib,,,,,,Chiza Mwinde,
361,U1474,D,1,H,3,W,131,132,18,CM37,4.41,uvi,,,,,,Chiza Mwinde,
361,U1474,D,1,H,3,W,143,144,18,CM38,4.53,cib,,,,,,Chiza Mwinde,
361,U1474,D,1,H,3,W,143,144,18,CM38,4.53,uvi,,,,,,Chiza Mwinde,
361,U1474,D,1,H,4,W,5,6,18,CM39,4.65,cib,,,,,,Chiza Mwinde,
361,U1474,D,1,H,4,W,5,6,18,CM39,4.65,uvi,,,,,,Chiza Mwinde,
361,U1474,D,1,H,4,W,5,6,,,4.6512,uvi,,,,,,Cody/Chiza,
361,U1474,D,1,H,4,W,5,6,,,4.6512,cib,,,,,,Cody/Chiza,
361,U1474,D,1,H,4,W,17,18,18,CM40,4.77,cib,,,,,,Chiza Mwinde,
361,U1474,D,1,H,4,W,17,18,18,CM40,4.77,uvi,,,,,,Chiza Mwinde,
361,U1474,D,1,H,4,W,17,18,,,4.7736,uvi,,,,,,Cody/Chiza,
361,U1474,D,1,H,4,W,17,18,,,4.7736,cib,0.443,0.027,4.329,0.063,,Cody/Chiza,
361,U1474,D,1,H,4,W,30,31,,,4.896,uvi,,,,,,Cody/Chiza,
361,U1474,D,1,H,4,W,30,31,,,4.896,cib,-0.277,0.028,4.268,0.04,,Cody/Chiza,
361,U1474,D,1,H,4,W,30,31,18,CM41,4.9,cib,,,,,,Chiza Mwinde,
361,U1474,D,1,H,4,W,30,31,18,CM41,4.9,uvi,,,,,,Chiza Mwinde,
361,U1474,D,1,H,4,W,42,43,,,5.0184,uvi,-0.766,0.01,4.823,0.042,,Cody/Chiza,
361,U1474,D,1,H,4,W,42,43,,,5.0184,cib,,,,,,Cody/Chiza,
361,U1474,D,1,H,4,W,42,43,18,CM42,5.02,cib,,,,,,Chiza Mwinde,
361,U1474,D,1,H,4,W,42,43,18,CM42,5.02,uvi,,,,,,Chiza Mwinde,
361,U1474,D,1,H,4,W,54,55,18,CM43,5.14,cib,,,,,,Chiza Mwinde,
361,U1474,D,1,H,4,W,54,55,18,CM43,5.14,uvi,,,,,,Chiza Mwinde,
361,U1474,D,1,H,4,W,54,55,,,5.1408,uvi,-0.954,0.016,4.728,0.033,,Cody/Chiza,
361,U1474,D,1,H,4,W,54,55,,,5.1408,cib,,,,,,Cody/Chiza,
361,U1474,D,1,H,4,W,66,67,18,,5.26,cib,,,,,,Chiza Mwinde,
361,U1474,D,1,H,4,W,66,67,18,,5.26,uvi,,,,,,Chiza Mwinde,
361,U1474,D,1,H,4,W,66,67,,,5.2632,uvi,-0.845,0.023,4.687,0.025,,Cody/Chiza,
361,U1474,D,1,H,4,W,66,67,,,5.2632,cib,,,,,,Cody/Chiza,
361,U1474,F,2,H,2,W,109,110,,,5.388,uvi,-0.766,0.014,4.618,0.021,,Cody/Chiza,
361,U1474,F,2,H,2,W,109,110,,,5.388,cib,,,,,,Cody/Chiza,
361,U1474,F,2,H,2,W,109,110,18,,5.39,cib,0.122,0.014,3.906,0.032,,Chiza Mwinde,
361,U1474,F,2,H,2,W,109,110,18,,5.39,uvi,-0.727,0.018,4.512,0.018,,Chiza Mwinde,
361,U1474,F,2,H,2,W,121,122,18,,5.51,cib,-0.002,0.021,4.19,0.025,,Chiza Mwinde,
361,U1474,F,2,H,2,W,121,122,18,,5.51,uvi,-0.776,0.014,4.784,0.035,,Chiza Mwinde,
361,U1474,F,2,H,2,W,133,134,18,,5.63,cib,-0.312,0.013,3.831,0.036,,Chiza Mwinde,
361,U1474,F,2,H,2,W,133,134,18,,5.63,uvi,-0.924,0.017,4.529,0.03,,Chiza Mwinde,
361,U1474,F,2,H,2,W,145,146,18,,5.75,cib,-0.208,0.015,3.847,0.025,,Chiza Mwinde,
361,U1474,F,2,H,2,W,145,146,18,,5.75,uvi,-0.794,0.022,4.571,0.023,,Chiza Mwinde,
361,U1474,F,2,H,3,W,8,9,18,,5.88,cib,-0.463,0.013,4.045,0.024,,Chiza Mwinde,
361,U1474,F,2,H,3,W,8,9,18,,5.88,uvi,-0.929,0.019,4.634,0.022,,Chiza Mwinde,
361,U1474,F,2,H,3,W,20,21,18,,6,cib,-0.102,0.014,4.012,0.033,,Chiza Mwinde,
361,U1474,F,2,H,3,W,20,21,18,,6,uvi,-0.772,0.014,4.604,0.015,,Chiza Mwinde,
361,U1474,F,2,H,3,W,32,33,18,,6.12,cib,0.125,0.013,3.552,0.033,,Chiza Mwinde,
361,U1474,F,2,H,3,W,32,33,18,,6.12,uvi,-0.579,0.018,4.426,0.025,,Chiza Mwinde,
361,U1474,F,2,H,3,W,44,45,18,,6.24,cib,0.12,0.017,3.344,0.036,,Chiza Mwinde,
361,U1474,F,2,H,3,W,44,45,18,,6.24,uvi,-0.531,0.021,4.023,0.03,,Chiza Mwinde,
361,U1474,F,2,H,3,W,56,57,18,,6.36,cib,0.399,0.009,3.328,0.022,,Chiza Mwinde,
361,U1474,F,2,H,3,W,56,57,18,,6.36,uvi,-0.373,0.023,3.977,0.046,,Chiza Mwinde,
361,U1474,F,2,H,3,W,69,70,18,,6.49,cib,0.552,0.012,3.227,0.023,,Chiza Mwinde,
361,U1474,F,2,H,3,W,69,70,18,,6.49,uvi,-0.386,0.011,3.974,0.03,,Chiza Mwinde,
361,U1474,F,2,H,3,W,81,82,18,,6.61,cib,0.126,0.015,3.194,0.018,,Chiza Mwinde,
361,U1474,F,2,H,3,W,81,82,18,,6.61,uvi,-0.532,0.027,3.746,0.031,,Chiza Mwinde,
361,U1474,F,2,H,3,W,93,94,18,,6.73,cib,0.646,0.016,3.349,0.013,,Chiza Mwinde,
361,U1474,F,2,H,3,W,93,94,18,,6.73,uvi,-0.152,0.016,3.945,0.021,,Chiza Mwinde,
361,U1474,F,2,H,3,W,105,106,18,,6.85,cib,0.68,0.025,3.145,0.021,,Chiza Mwinde,
361,U1474,F,2,H,3,W,105,106,18,,6.85,uvi,-0.279,0.023,3.706,0.023,,Chiza Mwinde,
361,U1474,F,2,H,3,W,118,119,18,,6.98,cib,0.86,0.015,3.107,0.026,,Chiza Mwinde,
361,U1474,F,2,H,3,W,118,119,18,,6.98,uvi,-0.203,0.026,3.567,0.04,,Chiza Mwinde,
361,U1474,F,2,H,3,W,130,131,18,,7.1,cib,0.42,0.008,3.07,0.02,,Chiza Mwinde,
361,U1474,F,2,H,3,W,130,131,18,,7.1,uvi,,,,,,Chiza Mwinde,
361,U1474,F,2,H,3,W,142,143,18,,7.22,cib,0.606,0.033,3.034,0.039,,Chiza Mwinde,
361,U1474,F,2,H,3,W,142,143,18,,7.22,uvi,-0.59,0.009,3.941,0.011,,Chiza Mwinde,
361,U1474,F,2,H,4,W,4,5,18,,7.34,cib,0.19,0.012,3.219,0.026,,Chiza Mwinde,
361,U1474,F,2,H,4,W,4,5,18,,7.34,uvi,-0.629,0.019,4.24,0.037,,Chiza Mwinde,
361,U1474,F,2,H,4,W,17,18,18,,7.47,cib,-0.152,0.022,3.956,0.029,,Chiza Mwinde,
361,U1474,F,2,H,4,W,17,18,18,,7.47,uvi,-0.89,0.017,4.545,0.031,,Chiza Mwinde,
361,U1474,F,2,H,4,W,29,30,18,,7.59,cib,-0.091,0.016,3.945,0.019,,Chiza Mwinde,
361,U1474,F,2,H,4,W,29,30,18,,7.59,uvi,-0.924,0.016,4.684,0.035,,Chiza Mwinde,
361,U1474,F,2,H,4,W,41,42,18,,7.71,cib,0.241,0.013,3.749,0.026,,Chiza Mwinde,
361,U1474,F,2,H,4,W,41,42,18,,7.71,uvi,-0.493,0.019,4.374,0.021,,Chiza Mwinde,
361,U1474,F,2,H,4,W,53,54,18,,7.83,cib,,,,,,Chiza Mwinde,
361,U1474,F,2,H,4,W,53,54,18,,7.83,uvi,,,,,,Chiza Mwinde,
361,U1474,F,2,H,4,W,66,67,18,,7.96,cib,,,,,,Chiza Mwinde,
361,U1474,F,2,H,4,W,66,67,18,,7.96,uvi,,,,,,Chiza Mwinde,
361,U1474,F,2,H,4,W,78,79,18,,8.08,cib,,,,,,Chiza Mwinde,
361,U1474,F,2,H,4,W,78,79,18,,8.08,uvi,,,,,,Chiza Mwinde,
361,U1474,F,2,H,4,W,90,91,18,,8.2,cib,,,,,,Chiza Mwinde,
361,U1474,F,2,H,4,W,90,91,18,,8.2,uvi,,,,,,Chiza Mwinde,
361,U1474,F,2,H,4,W,102,103,18,,8.32,cib,,,,,,Chiza Mwinde,
361,U1474,F,2,H,4,W,102,103,18,,8.32,uvi,,,,,,Chiza Mwinde,
361,U1474,F,2,H,4,W,115,116,18,,8.45,cib,-0.165,0.015,4.089,0.04,,Chiza Mwinde,
361,U1474,F,2,H,4,W,115,116,18,,8.45,uvi,-0.532,0.014,4.777,0.025,,Chiza Mwinde,
361,U1474,F,2,H,4,W,127,128,18,,8.57,cib,0.012,0.025,3.942,0.045,,Chiza Mwinde,
361,U1474,F,2,H,4,W,127,128,18,,8.57,uvi,-0.741,0.023,4.848,0.034,,Chiza Mwinde,
361,U1474,F,2,H,4,W,139,140,18,,8.69,cib,0.094,0.02,4.18,0.022,,Chiza Mwinde,
361,U1474,F,2,H,4,W,139,140,18,,8.69,uvi,-0.814,0.016,4.83,0.027,,Chiza Mwinde,
361,U1474,F,2,H,5,W,1,2,18,,8.81,cib,-0.018,0.025,4.06,0.039,,Chiza Mwinde,
361,U1474,F,2,H,5,W,1,2,18,,8.81,uvi,-0.919,0.021,4.807,0.019,,Chiza Mwinde,
361,U1474,F,2,H,5,W,14,15,18,,8.94,cib,,,,,,Chiza Mwinde,
361,U1474,F,2,H,5,W,14,15,18,,8.94,uvi,,,,,,Chiza Mwinde,
361,U1474,F,2,H,5,W,26,27,18,,9.06,cib,-0.003,0.026,4.1,0.032,,Chiza Mwinde,
361,U1474,F,2,H,5,W,26,27,18,,9.06,uvi,-0.661,0.015,4.849,0.025,,Chiza Mwinde,
361,U1474,F,2,H,5,W,38,39,18,,9.18,cib,-0.126,0.02,4.07,0.02,,Chiza Mwinde,
361,U1474,F,2,H,5,W,38,39,18,,9.18,uvi,-1.088,0.024,4.744,0.015,,Chiza Mwinde,
361,U1474,F,2,H,5,W,50,51,18,,9.3,cib,-0.436,0.014,3.899,0.03,,Chiza Mwinde,
361,U1474,F,2,H,5,W,50,51,18,,9.3,uvi,-0.907,0.013,4.659,0.022,,Chiza Mwinde,
361,U1474,F,2,H,5,W,62,63,18,,9.42,cib,-0.464,0.016,4.191,0.023,,Chiza Mwinde,
361,U1474,F,2,H,5,W,62,63,18,,9.42,uvi,-1.117,0.019,4.742,0.041,,Chiza Mwinde,
361,U1474,F,2,H,5,W,75,76,18,,9.55,cib,-0.666,0.015,4.179,0.021,,Chiza Mwinde,
361,U1474,F,2,H,5,W,75,76,18,,9.55,uvi,-1.069,0.01,4.873,0.015,,Chiza Mwinde,
361,U1474,F,2,H,5,W,87,88,18,,9.67,cib,-0.484,0.012,4.158,0.043,,Chiza Mwinde,
361,U1474,F,2,H,5,W,87,88,18,,9.67,uvi,-1.134,0.013,4.652,0.019,,Chiza Mwinde,
361,U1474,F,2,H,5,W,99,100,18,,9.79,cib,-0.693,0.021,4.048,0.018,,Chiza Mwinde,
361,U1474,F,2,H,5,W,99,100,18,,9.79,uvi,-0.965,0.02,4.649,0.036,,Chiza Mwinde,
361,U1474,F,2,H,5,W,111,112,18,,9.91,cib,0.476,0.016,3.874,0.028,,Chiza Mwinde,
361,U1474,F,2,H,5,W,111,112,18,,9.91,uvi,-0.566,0.019,4.197,0.034,,Chiza Mwinde,
361,U1474,F,2,H,5,W,124,125,18,,10.04,cib,0.493,0.025,3.537,0.06,,Chiza Mwinde,
361,U1474,F,2,H,5,W,124,125,18,,10.04,uvi,-0.225,0.016,4.011,0.037,,Chiza Mwinde,
361,U1474,F,2,H,5,W,136,137,18,,10.16,cib,0.369,0.015,3.317,0.021,,Chiza Mwinde,
361,U1474,F,2,H,5,W,136,137,18,,10.16,uvi,-0.266,0.021,4.007,0.018,,Chiza Mwinde,
361,U1474,F,2,H,5,W,148,149,18,,10.28,cib,-0.112,0.015,3.406,0.023,,Chiza Mwinde,
361,U1474,F,2,H,5,W,148,149,18,,10.28,uvi,-0.735,0.016,3.959,0.018,,Chiza Mwinde,
361,U1474,F,2,H,6,W,10,11,18,,10.4,cib,-0.194,0.008,3.675,0.025,,Chiza Mwinde,
361,U1474,F,2,H,6,W,10,11,18,,10.4,uvi,-0.563,0.013,4.284,0.035,,Chiza Mwinde,
361,U1474,F,2,H,6,W,23,24,18,,10.53,cib,-0.353,0.016,3.799,0.031,,Chiza Mwinde,
361,U1474,F,2,H,6,W,23,24,18,,10.53,uvi,-0.685,0.012,4.43,0.041,,Chiza Mwinde,
361,U1474,F,2,H,6,W,35,36,18,,10.65,cib,,,,,,Chiza Mwinde,
361,U1474,F,2,H,6,W,35,36,18,,10.65,uvi,-0.879,0.016,4.553,0.041,,Chiza Mwinde,
361,U1474,F,2,H,6,W,47,48,18,,10.77,cib,0.125,0.022,3.907,0.049,,Chiza Mwinde,
361,U1474,F,2,H,6,W,47,48,18,,10.77,uvi,-0.42,0.022,4.491,0.047,,Chiza Mwinde,
361,U1474,F,2,H,6,W,59,60,18,,10.89,cib,-0.105,0.014,3.686,0.023,,Chiza Mwinde,
361,U1474,F,2,H,6,W,59,60,18,,10.89,uvi,-0.757,0.015,4.439,0.035,,Chiza Mwinde,
361,U1474,F,2,H,6,W,72,73,18,,11.02,cib,-0.156,0.021,3.577,0.033,,Chiza Mwinde,
361,U1474,F,2,H,6,W,72,73,18,,11.02,uvi,-0.039,0.026,4.216,0.035,,Chiza Mwinde,
361,U1474,F,2,H,6,W,84,85,18,,11.14,cib,,,,,,Chiza Mwinde,
361,U1474,F,2,H,6,W,84,85,18,,11.14,uvi,-0.634,0.022,3.927,0.034,,Chiza Mwinde,
361,U1474,F,2,H,6,W,96,97,18,,11.26,cib,0.19,0.019,3.405,0.027,,Chiza Mwinde,
361,U1474,F,2,H,6,W,96,97,18,,11.26,uvi,-0.298,0.01,3.875,0.028,,Chiza Mwinde,
361,U1474,F,2,H,6,W,108,109,18,,11.38,cib,0.103,0.011,3.066,0.034,,Chiza Mwinde,
361,U1474,F,2,H,6,W,108,109,18,,11.38,uvi,-0.389,0.015,3.788,0.038,,Chiza Mwinde,
361,U1474,D,3,H,1,W,101,102,18,,11.51,cib,,,,,,Chiza Mwinde,
361,U1474,D,3,H,1,W,101,102,18,,11.51,uvi,,,,,,Chiza Mwinde,
361,U1474,D,3,H,1,W,113,114,18,,11.63,cib,,,,,,Chiza Mwinde,
361,U1474,D,3,H,1,W,113,114,18,,11.63,uvi,,,,,,Chiza Mwinde,
361,U1474,D,3,H,1,W,125,126,18,,11.75,cib,0.474,0.035,3.035,0.055,,Chiza Mwinde,
361,U1474,D,3,H,1,W,125,126,18,,11.75,uvi,-0.332,0.029,3.578,0.064,,Chiza Mwinde,
361,U1474,D,3,H,1,W,137,138,18,,11.87,cib,-0.241,0.039,2.755,0.05,,Chiza Mwinde,
361,U1474,D,3,H,1,W,137,138,18,,11.87,uvi,,,,,,Chiza Mwinde,
361,U1474,D,3,H,1,W,150,151,18,,12,cib,,,,,,Chiza Mwinde,
361,U1474,D,3,H,1,W,150,151,18,,12,uvi,,,,,,Chiza Mwinde,
361,U1474,D,3,H,2,W,12,13,18,,12.12,cib,,,,,,Chiza Mwinde,
361,U1474,D,3,H,2,W,12,13,18,,12.12,uvi,,,,,,Chiza Mwinde,
361,U1474,D,3,H,2,W,24,25,18,,12.24,cib,-0.132,0.036,3.561,0.05,,Chiza Mwinde,
361,U1474,D,3,H,2,W,24,25,18,,12.24,uvi,-0.895,0.025,4.278,0.03,,Chiza Mwinde,
361,U1474,D,3,H,2,W,36,37,18,,12.36,cib,,,,,,Chiza Mwinde,
361,U1474,D,3,H,2,W,36,37,18,,12.36,uvi,,,,,,Chiza Mwinde,
361,U1474,D,3,H,2,W,48,49,18,,12.48,cib,,,,,,Chiza Mwinde,
361,U1474,D,3,H,2,W,48,49,18,,12.48,uvi,,,,,,Chiza Mwinde,
361,U1474,D,3,H,2,W,61,62,18,,12.61,cib,-0.734,0.013,4.525,0.03,,Chiza Mwinde,
361,U1474,D,3,H,2,W,61,62,18,,12.61,uvi,-1.227,0.029,4.851,0.045,,Chiza Mwinde,
361,U1474,D,3,H,2,W,73,74,18,,12.73,cib,-0.278,0.02,4.2,0.033,,Chiza Mwinde,
361,U1474,D,3,H,2,W,73,74,18,,12.73,uvi,-1.037,0.025,5.168,0.028,,Chiza Mwinde,
361,U1474,D,3,H,2,W,85,86,18,,12.85,cib,-0.428,0.009,4.519,0.032,,Chiza Mwinde,
361,U1474,D,3,H,2,W,85,86,18,,12.85,uvi,-0.819,0.016,5.121,0.017,,Chiza Mwinde,
361,U1474,D,3,H,2,W,97,98,18,,12.97,cib,-0.778,0.013,4.471,0.035,,Chiza Mwinde,
361,U1474,D,3,H,2,W,97,98,18,,12.97,uvi,-0.862,0.019,4.997,0.035,,Chiza Mwinde,
361,U1474,D,3,H,2,W,110,111,18,,13.1,cib,-0.152,0.013,4.113,0.038,,Chiza Mwinde,
361,U1474,D,3,H,2,W,110,111,18,,13.1,uvi,-0.93,0.016,4.803,0.026,,Chiza Mwinde,
361,U1474,D,3,H,2,W,122,123,18,,13.22,cib,,,,,,Chiza Mwinde,
361,U1474,D,3,H,2,W,122,123,18,,13.22,uvi,,,,,,Chiza Mwinde,
361,U1474,D,3,H,2,W,134,135,18,,13.34,cib,-0.386,0.018,4.033,0.049,,Chiza Mwinde,
361,U1474,D,3,H,2,W,134,135,18,,13.34,uvi,-1.03,0.019,4.714,0.028,,Chiza Mwinde,
361,U1474,D,3,H,2,W,146,147,18,,13.46,cib,,,,,,Chiza Mwinde,
361,U1474,D,3,H,2,W,146,147,18,,13.46,uvi,,,,,,Chiza Mwinde,
361,U1474,D,3,H,3,W,9,10,18,,13.59,cib,-0.562,0.015,4.143,0.038,,Chiza Mwinde,
361,U1474,D,3,H,3,W,9,10,18,,13.59,uvi,-1.07,0.022,4.624,0.025,,Chiza Mwinde,
361,U1474,D,3,H,3,W,21,22,18,,13.71,cib,-0.402,0.029,4.119,0.044,,Chiza Mwinde,
361,U1474,D,3,H,3,W,21,22,18,,13.71,uvi,,,,,,Chiza Mwinde,
361,U1474,D,3,H,3,W,33,34,18,,13.83,cib,-0.437,0.018,4.009,0.027,,Chiza Mwinde,
361,U1474,D,3,H,3,W,33,34,18,,13.83,uvi,-0.92,0.017,4.645,0.047,,Chiza Mwinde,
361,U1474,D,3,H,3,W,45,46,18,,13.95,cib,0.123,0.02,3.971,0.034,,Chiza Mwinde,
361,U1474,D,3,H,3,W,45,46,18,,13.95,uvi,-0.776,0.02,4.483,0.03,,Chiza Mwinde,
361,U1474,D,3,H,3,W,58,59,18,,14.08,cib,-0.565,0.018,3.878,0.021,,Chiza Mwinde,
361,U1474,D,3,H,3,W,58,59,18,,14.08,uvi,-1.025,0.022,4.47,0.033,,Chiza Mwinde,
361,U1474,D,3,H,3,W,70,71,18,,14.2,cib,-0.247,0.025,3.78,0.044,,Chiza Mwinde,
361,U1474,D,3,H,3,W,70,71,18,,14.2,uvi,-0.536,0.022,4.502,0.026,,Chiza Mwinde,
361,U1474,D,3,H,3,W,82,83,18,,14.32,cib,-0.232,0.015,3.918,0.037,,Chiza Mwinde,
361,U1474,D,3,H,3,W,82,83,18,,14.32,uvi,-0.832,0.019,4.509,0.039,,Chiza Mwinde,
361,U1474,D,3,H,3,W,94,95,18,,14.44,cib,-0.168,0.019,3.753,0.034,,Chiza Mwinde,
361,U1474,D,3,H,3,W,94,95,18,,14.44,uvi,0.024,4.39,4.947,-0.79,,Chiza Mwinde,
361,U1474,D,3,H,3,W,107,108,18,,14.57,cib,0.058,0.02,3.793,0.035,,Chiza Mwinde,
361,U1474,D,3,H,3,W,107,108,18,,14.57,uvi,-0.581,0.021,4.421,0.039,,Chiza Mwinde,
361,U1474,D,3,H,3,W,119,120,18,,14.69,cib,-0.149,0.013,3.708,0.023,,Chiza Mwinde,
361,U1474,D,3,H,3,W,119,120,18,,14.69,uvi,-0.62,0.017,4.224,0.03,,Chiza Mwinde,
361,U1474,D,3,H,3,W,131,132,18,,14.81,cib,-0.163,0.015,3.887,0.026,,Chiza Mwinde,
361,U1474,D,3,H,3,W,131,132,18,,14.81,uvi,-0.803,0.036,4.372,0.051,,Chiza Mwinde,
361,U1474,D,3,H,3,W,143,144,18,,14.93,cib,-0.045,0.022,3.776,0.036,,Chiza Mwinde,
361,U1474,D,3,H,3,W,143,144,18,,14.93,uvi,-0.627,0.017,4.454,0.043,,Chiza Mwinde,
361,U1474,D,3,H,4,W,6,7,18,,15.06,cib,0.259,0.029,3.606,0.051,,Chiza Mwinde,
361,U1474,D,3,H,4,W,6,7,18,,15.06,uvi,-0.182,0.021,4.267,0.025,,Chiza Mwinde,
361,U1474,D,3,H,4,W,18,19,18,,15.18,cib,-0.009,0.025,3.499,0.038,,Chiza Mwinde,
361,U1474,D,3,H,4,W,18,19,18,,15.18,uvi,-0.307,0.022,4.163,0.042,,Chiza Mwinde,
361,U1474,D,3,H,4,W,30,31,18,,15.3,cib,0.302,0.026,3.445,0.052,,Chiza Mwinde,
361,U1474,D,3,H,4,W,30,31,18,,15.3,uvi,-0.38,0.015,3.986,0.027,,Chiza Mwinde,
361,U1474,D,3,H,4,W,42,43,18,,15.42,cib,0.176,0.017,3.394,0.025,,Chiza Mwinde,
361,U1474,D,3,H,4,W,42,43,18,,15.42,uvi,-0.401,0.021,4.025,0.028,,Chiza Mwinde,
361,U1474,D,3,H,4,W,54,55,18,,15.54,cib,-0.112,0.024,3.554,0.039,,Chiza Mwinde,
361,U1474,D,3,H,4,W,54,55,18,,15.54,uvi,-0.649,0.026,4.012,0.026,,Chiza Mwinde,
361,U1474,D,3,H,4,W,67,68,18,,15.67,cib,0.255,0.026,3.304,0.043,,Chiza Mwinde,
361,U1474,D,3,H,4,W,67,68,18,,15.67,uvi,-0.224,0.012,3.78,0.043,,Chiza Mwinde,
361,U1474,D,3,H,4,W,79,80,18,,15.79,cib,0.688,0.024,2.857,0.025,,Chiza Mwinde,
361,U1474,D,3,H,4,W,79,80,18,,15.79,uvi,0.227,0.014,3.479,0.071,,Chiza Mwinde,
361,U1474,D,3,H,4,W,91,92,18,,15.91,cib,0.778,0.027,2.666,0.031,,Chiza Mwinde,
361,U1474,D,3,H,4,W,91,92,18,,15.91,uvi,0.196,0.007,3.22,0.024,,Chiza Mwinde,
361,U1474,D,3,H,4,W,103,104,18,,16.03,cib,0.815,0.018,2.644,0.028,,Chiza Mwinde,
361,U1474,D,3,H,4,W,103,104,18,,16.03,uvi,,,,,,Chiza Mwinde,
361,U1474,D,3,H,4,W,116,117,18,,16.16,cib,0.758,0.021,2.591,0.039,,Chiza Mwinde,
361,U1474,D,3,H,4,W,116,117,18,,16.16,uvi,,,,,,Chiza Mwinde,
361,U1474,D,3,H,4,W,128,129,18,,16.28,cib,0.663,0.024,2.575,0.04,,Chiza Mwinde,
361,U1474,D,3,H,4,W,128,129,18,,16.28,uvi,,,,,,Chiza Mwinde,
361,U1474,D,3,H,4,W,140,141,18,,16.4,cib,0.456,0.029,2.699,0.062,,Chiza Mwinde,
361,U1474,D,3,H,4,W,140,141,18,,16.4,uvi,,,,,,Chiza Mwinde,
361,U1474,D,3,H,5,W,2,3,18,,16.52,cib,0.497,0.017,2.712,0.043,,Chiza Mwinde,
361,U1474,D,3,H,5,W,2,3,18,,16.52,uvi,,,,,,Chiza Mwinde,
361,U1474,D,3,H,5,W,15,16,18,,16.65,cib,0.678,0.013,2.917,0.04,,Chiza Mwinde,
361,U1474,D,3,H,5,W,15,16,18,,16.65,uvi,,,,,,Chiza Mwinde,
361,U1474,D,3,H,5,W,27,28,18,,16.77,cib,0.398,0.015,3.077,0.024,,Chiza Mwinde,
361,U1474,D,3,H,5,W,27,28,18,,16.77,uvi,,,,,,Chiza Mwinde,
361,U1474,D,3,H,5,W,39,40,18,,16.89,cib,0.136,0.034,3.118,0.056,,Chiza Mwinde,
361,U1474,D,3,H,5,W,39,40,18,,16.89,uvi,,,,,,Chiza Mwinde,
361,U1474,D,3,H,5,W,51,52,18,,17.01,cib,0.036,0.015,3.506,0.035,,Chiza Mwinde,
361,U1474,D,3,H,5,W,51,52,18,,17.01,uvi,,,,,,Chiza Mwinde,
361,U1474,D,3,H,5,W,64,65,18,,17.14,cib,-0.165,0.012,4.42,0.033,,Chiza Mwinde,
361,U1474,D,3,H,5,W,64,65,18,,17.14,uvi,-1.17,0.031,4.973,0.034,,Chiza Mwinde,
361,U1474,A,3,H,3,W,111,112,18,,17.26,cib,,,,,,Chiza Mwinde,
361,U1474,A,3,H,3,W,111,112,18,,17.26,uvi,,,,,,Chiza Mwinde,
361,U1474,A,3,H,3,W,123,124,18,,17.38,cib,-0.502,0.013,4.664,0.039,,Chiza Mwinde,
361,U1474,A,3,H,3,W,123,124,18,,17.38,uvi,-0.973,0.018,5.127,0.034,,Chiza Mwinde,
361,U1474,A,3,H,3,W,135,136,18,,17.5,cib,,,,,,Chiza Mwinde,"sample lost, operator error"
361,U1474,A,3,H,3,W,135,136,18,,17.5,uvi,-1.081,0.029,5.158,0.029,,Chiza Mwinde,
361,U1474,A,3,H,3,W,148,149,18,,17.63,cib,,,,,,Chiza Mwinde,
361,U1474,A,3,H,3,W,148,149,18,,17.63,uvi,,,,,,Chiza Mwinde,
361,U1474,A,3,H,4,W,10,11,18,,17.75,cib,,,,,,Chiza Mwinde,
361,U1474,A,3,H,4,W,10,11,18,,17.75,uvi,,,,,,Chiza Mwinde,
361,U1474,A,3,H,4,W,22,23,18,,17.87,cib,,,,,,Chiza Mwinde,
361,U1474,A,3,H,4,W,22,23,18,,17.87,uvi,,,,,,Chiza Mwinde,
361,U1474,A,3,H,4,W,34,35,18,,17.99,cib,,,,,,Chiza Mwinde,
361,U1474,A,3,H,4,W,34,35,18,,17.99,uvi,,,,,,Chiza Mwinde,
361,U1474,A,3,H,4,W,47,48,18,,18.12,cib,-0.361,0.019,4.304,0.024,,Chiza Mwinde,
361,U1474,A,3,H,4,W,47,48,18,,18.12,uvi,-1.286,0.023,4.881,0.042,,Chiza Mwinde,
361,U1474,A,3,H,4,W,59,60,18,,18.24,cib,-0.13,0.02,4.218,0.03,,Chiza Mwinde,
361,U1474,A,3,H,4,W,59,60,18,,18.24,uvi,-0.922,0.025,4.765,0.033,,Chiza Mwinde,
361,U1474,A,3,H,4,W,71,72,18,,18.36,cib,,,,,,Chiza Mwinde,
361,U1474,A,3,H,4,W,71,72,18,,18.36,uvi,,,,,,Chiza Mwinde,
361,U1474,A,3,H,4,W,83,84,18,,18.48,cib,-0.302,0.023,3.442,0.026,,Chiza Mwinde,
361,U1474,A,3,H,4,W,83,84,18,,18.48,uvi,-0.836,0.017,4.112,0.032,,Chiza Mwinde,
361,U1474,A,3,H,4,W,95,96,18,,18.6,cib,-0.218,0.011,4.107,0.035,,Chiza Mwinde,
361,U1474,A,3,H,4,W,95,96,18,,18.6,uvi,-1.064,0.014,4.707,0.029,,Chiza Mwinde,
361,U1474,A,3,H,4,W,108,109,18,,18.73,cib,-0.23,0.014,4.123,0.039,,Chiza Mwinde,
361,U1474,A,3,H,4,W,108,109,18,,18.73,uvi,-1.261,0.015,4.632,0.035,,Chiza Mwinde,
361,U1474,A,3,H,4,W,120,121,18,,18.85,cib,,,,,,Chiza Mwinde,
361,U1474,A,3,H,4,W,120,121,18,,18.85,uvi,,,,,,Chiza Mwinde,
361,U1474,A,3,H,4,W,132,133,18,,18.97,cib,-0.455,0.02,4.248,0.035,,Chiza Mwinde,
361,U1474,A,3,H,4,W,132,133,18,,18.97,uvi,-1.033,0.03,4.792,0.053,,Chiza Mwinde,
361,U1474,A,3,H,4,W,144,145,18,,19.09,cib,-0.19,0.021,4.133,0.037,,Chiza Mwinde,
361,U1474,A,3,H,4,W,144,145,18,,19.09,uvi,-0.846,0.012,4.773,0.029,,Chiza Mwinde,
361,U1474,A,3,H,5,W,7,8,18,,19.22,cib,-0.145,0.015,3.855,0.02,,Chiza Mwinde,
361,U1474,A,3,H,5,W,7,8,18,,19.22,uvi,-0.967,0.015,4.661,0.029,,Chiza Mwinde,
361,U1474,A,3,H,5,W,19,20,18,,19.34,cib,-0.578,0.016,3.823,0.016,,Chiza Mwinde,
361,U1474,A,3,H,5,W,19,20,18,,19.34,uvi,-1.024,0.019,4.55,0.046,,Chiza Mwinde,
361,U1474,A,3,H,5,W,31,32,18,,19.46,cib,-0.655,0.011,4.05,0.027,,Chiza Mwinde,
361,U1474,A,3,H,5,W,31,32,18,,19.46,uvi,-0.995,0.02,4.585,0.033,,Chiza Mwinde,
361,U1474,A,3,H,5,W,43,44,18,,19.58,cib,-0.249,0.022,4.027,0.027,,Chiza Mwinde,
361,U1474,A,3,H,5,W,43,44,18,,19.58,uvi,-1.154,0.015,4.692,0.021,,Chiza Mwinde,
361,U1474,A,3,H,5,W,56,57,18,,19.71,cib,,,,,,Chiza Mwinde,
361,U1474,A,3,H,5,W,56,57,18,,19.71,uvi,,,,,,Chiza Mwinde,
361,U1474,A,3,H,5,W,68,69,18,,19.83,cib,-0.208,0.028,3.91,0.047,,Chiza Mwinde,
361,U1474,A,3,H,5,W,68,69,18,,19.83,uvi,-0.802,0.028,4.549,0.04,,Chiza Mwinde,
361,U1474,A,3,H,5,W,80,81,18,,19.95,cib,-0.39,0.015,3.94,0.032,,Chiza Mwinde,
361,U1474,A,3,H,5,W,80,81,18,,19.95,uvi,-0.842,0.011,4.457,0.029,,Chiza Mwinde,
361,U1474,A,3,H,5,W,92,93,18,,20.07,cib,-0.156,0.021,3.914,0.032,,Chiza Mwinde,
361,U1474,A,3,H,5,W,92,93,18,,20.07,uvi,-1.146,0.014,4.545,0.034,,Chiza Mwinde,
361,U1474,A,3,H,5,W,105,106,18,,20.2,cib,0.127,0.018,3.819,0.053,,Chiza Mwinde,
361,U1474,A,3,H,5,W,105,106,18,,20.2,uvi,-0.643,0.019,4.442,0.037,,Chiza Mwinde,
361,U1474,A,3,H,5,W,117,118,18,,20.32,cib,0.092,0.011,3.978,0.023,,Chiza Mwinde,
361,U1474,A,3,H,5,W,117,118,18,,20.32,uvi,-0.638,0.011,4.325,0.039,,Chiza Mwinde,
361,U1474,A,3,H,5,W,129,130,18,,20.44,cib,0.401,0.029,3.565,0.037,,Chiza Mwinde,
361,U1474,A,3,H,5,W,129,130,18,,20.44,uvi,-0.274,0.019,4.117,0.022,,Chiza Mwinde,
361,U1474,A,3,H,5,W,141,142,18,,20.56,cib,,,,,,Chiza Mwinde,
361,U1474,A,3,H,5,W,141,142,18,,20.56,uvi,-0.226,0.016,3.98,0.038,,Chiza Mwinde,
361,U1474,A,3,H,6,W,4,5,18,,20.69,cib,0.708,0.012,3.512,0.025,,Chiza Mwinde,
361,U1474,A,3,H,6,W,4,5,18,,20.69,uvi,-0.198,0.01,4.157,0.013,,Chiza Mwinde,
361,U1474,A,3,H,6,W,16,17,18,,20.81,cib,0.243,0.017,3.314,0.03,,Chiza Mwinde,
361,U1474,A,3,H,6,W,16,17,18,,20.81,uvi,-0.265,0.021,3.807,0.037,,Chiza Mwinde,
361,U1474,A,3,H,6,W,28,29,18,,20.93,cib,0.467,0.016,3.239,0.03,,Chiza Mwinde,
361,U1474,A,3,H,6,W,28,29,18,,20.93,uvi,-0.221,0.011,3.927,0.031,,Chiza Mwinde,
361,U1474,A,3,H,6,W,40,41,18,,21.05,cib,0.806,0.022,3.238,0.035,,Chiza Mwinde,
361,U1474,A,3,H,6,W,40,41,18,,21.05,uvi,-0.096,0.016,3.697,0.035,,Chiza Mwinde,
361,U1474,D,4,H,1,W,69,70,18,,21.18,cib,0.569,0.016,3.096,0.037,,Chiza Mwinde,
361,U1474,D,4,H,1,W,69,70,18,,21.18,uvi,-0.184,0.028,3.64,0.026,,Chiza Mwinde,
361,U1474,D,4,H,1,W,81,82,18,,21.3,cib,0.938,0.023,3.09,0.044,,Chiza Mwinde,
361,U1474,D,4,H,1,W,81,82,18,,21.3,uvi,-0.068,0.021,3.542,0.039,,Chiza Mwinde,
361,U1474,D,4,H,1,W,93,94,18,,21.42,cib,0.814,0.026,3.153,0.035,,Chiza Mwinde,
361,U1474,D,4,H,1,W,93,94,18,,21.42,uvi,0.011,0.006,3.714,0.03,,Chiza Mwinde,
361,U1474,D,4,H,1,W,105,106,18,,21.54,cib,0.697,0.028,3.241,0.052,,Chiza Mwinde,
361,U1474,D,4,H,1,W,105,106,18,,21.54,uvi,0.025,0.025,3.852,0.043,,Chiza Mwinde,
361,U1474,D,4,H,1,W,117,118,18,,21.66,cib,,,,,,Chiza Mwinde,
361,U1474,D,4,H,1,W,117,118,18,,21.66,uvi,-0.109,0.014,3.744,0.031,,Chiza Mwinde,
361,U1474,D,4,H,1,W,130,131,18,,21.79,cib,0.915,0.014,3.262,0.033,,Chiza Mwinde,
361,U1474,D,4,H,1,W,130,131,18,,21.79,uvi,0.133,0.02,3.828,0.015,,Chiza Mwinde,
361,U1474,D,4,H,1,W,142,143,18,,21.91,cib,0.657,0.023,3.33,0.023,,Chiza Mwinde,
361,U1474,D,4,H,1,W,142,143,18,,21.91,uvi,0.006,0.019,3.851,0.015,,Chiza Mwinde,
361,U1474,D,4,H,2,W,4,5,18,,22.03,cib,0.544,0.015,3.45,0.033,,Chiza Mwinde,
361,U1474,D,4,H,2,W,4,5,18,,22.03,uvi,-0.139,0.013,3.845,0.038,,Chiza Mwinde,
361,U1474,D,4,H,2,W,16,17,18,,22.15,cib,0.447,0.037,3.364,0.023,,Chiza Mwinde,
361,U1474,D,4,H,2,W,16,17,18,,22.15,uvi,-0.229,0.025,4.014,0.043,,Chiza Mwinde,
361,U1474,D,4,H,2,W,29,30,18,,22.28,cib,0.266,0.012,3.679,0.028,,Chiza Mwinde,
361,U1474,D,4,H,2,W,29,30,18,,22.28,uvi,0.342,0.026,4.163,0.023,,Chiza Mwinde,
361,U1474,D,4,H,2,W,41,42,18,,22.4,cib,0.764,0.018,3.584,0.044,,Chiza Mwinde,
361,U1474,D,4,H,2,W,41,42,18,,22.4,uvi,-0.256,0.032,4.165,0.046,,Chiza Mwinde,
361,U1474,D,4,H,2,W,53,54,18,,22.52,cib,0.379,0.015,3.569,0.026,,Chiza Mwinde,
361,U1474,D,4,H,2,W,53,54,18,,22.52,uvi,-0.292,0.02,4.112,0.044,,Chiza Mwinde,
361,U1474,D,4,H,2,W,65,66,18,,22.64,cib,0.594,0.016,3.277,0.014,,Chiza Mwinde,
361,U1474,D,4,H,2,W,65,66,18,,22.64,uvi,-0.202,0.017,3.945,0.043,,Chiza Mwinde,
361,U1474,D,4,H,2,W,78,79,18,,22.77,cib,0.273,0.024,3.511,0.056,,Chiza Mwinde,
361,U1474,D,4,H,2,W,78,79,18,,22.77,uvi,-0.319,0.02,4.084,0.034,,Chiza Mwinde,
361,U1474,D,4,H,2,W,90,91,18,,22.89,cib,0.414,0.012,3.249,0.035,,Chiza Mwinde,
361,U1474,D,4,H,2,W,90,91,18,,22.89,uvi,-0.623,0.018,4.227,0.032,,Chiza Mwinde,
361,U1474,D,4,H,2,W,102,103,18,,23.01,cib,-0.138,0.015,4.007,0.037,,Chiza Mwinde,
361,U1474,D,4,H,2,W,102,103,18,,23.01,uvi,,,,,,Chiza Mwinde,
361,U1474,D,4,H,2,W,114,115,18,,23.13,cib,-0.027,0.021,4.006,0.02,,Chiza Mwinde,
361,U1474,D,4,H,2,W,114,115,18,,23.13,uvi,-0.649,0.024,4.824,0.033,,Chiza Mwinde,
361,U1474,D,4,H,2,W,127,128,18,,23.26,cib,0.147,0.019,4.094,0.031,,Chiza Mwinde,
361,U1474,D,4,H,2,W,127,128,18,,23.26,uvi,-0.925,0.017,4.647,0.025,,Chiza Mwinde,
361,U1474,D,4,H,2,W,139,140,,,23.3784,cib,,,,,,Cody/Chiza,
361,U1474,D,4,H,2,W,139,140,18,,23.38,cib,0.08,0.02,3.97,0.042,,Romily B,
361,U1474,D,4,H,2,W,139,140,18,,23.38,uvi,,,,,,Romily B,
361,U1474,D,4,H,3,W,1,2,18,,23.5,cib,0.1,0.012,3.98,0.04,,Romily B,
361,U1474,D,4,H,3,W,1,2,18,,23.5,uvi,,,,,,Romily B,
361,U1474,D,4,H,3,W,1,2,,,23.5008,cib,0.754,0.013,4.132,0.046,,Cody/Chiza,
361,U1474,D,4,H,3,W,13,14,18,,23.62,cib,,,,,,Romily B,
361,U1474,D,4,H,3,W,13,14,18,,23.62,uvi,,,,,,Romily B,
361,U1474,D,4,H,3,W,26,27,18,,23.75,cib,0.12,0.023,4.04,0.051,,Romily B,
361,U1474,D,4,H,3,W,26,27,18,,23.75,uvi,,,,,,Romily B,
361,U1474,D,4,H,3,W,38,39,,,23.868,cib,,,,,,Cody/Chiza,
361,U1474,D,4,H,3,W,38,39,18,,23.87,cib,,0.061,,0.13,,Romily B,
361,U1474,D,4,H,3,W,38,39,18,,23.87,uvi,,,,,,Romily B,
361,U1474,D,4,H,3,W,50,51,18,,23.99,cib,0.03,0.025,3.56,0.026,,Romily B,
361,U1474,D,4,H,3,W,50,51,18,,23.99,uvi,,,,,,Romily B,
361,U1474,D,4,H,3,W,62,63,18,,24.11,cib,0.13,0.036,3.8,0.051,,Romily B,
361,U1474,D,4,H,3,W,62,63,18,,24.11,uvi,,,,,,Romily B,
361,U1474,F,4,H,3,W,62,63,,,24.1128,cib,,,,,,Cody/Chiza,
361,U1474,D,4,H,3,W,75,76,18,,24.24,cib,,,,,,Romily B,
361,U1474,D,4,H,3,W,75,76,18,,24.24,uvi,,,,,,Romily B,
361,U1474,D,4,H,3,W,87,88,,,24.3576,cib,,,,,,Cody/Chiza,
361,U1474,F,4,H,3,W,87,88,,,24.3576,cib,,,,,,Cody/Chiza,
361,U1474,D,4,H,3,W,87,88,18,,24.36,cib,,0.051,,0.118,,Romily B,
361,U1474,D,4,H,3,W,87,88,18,,24.36,uvi,,,,,,Romily B,
361,U1474,D,4,H,3,W,99,100,18,,24.48,cib,0.01,0.033,3.44,0.035,,Romily B,
361,U1474,D,4,H,3,W,99,100,18,,24.48,uvi,,,,,,Romily B,
361,U1474,D,4,H,3,W,99,100,,,24.48,cib,,,,,,Cody/Chiza,
361,U1474,D,4,H,3,W,111,112,18,,24.6,cib,0.75,0.043,2.84,0.058,,Romily B,
361,U1474,D,4,H,3,W,111,112,18,,24.6,uvi,,,,,,Romily B,
361,U1474,D,4,H,3,W,111,112,,,24.6024,uvi,-0.149,0.027,3.679,0.098,,Cody/Chiza,
361,U1474,D,4,H,3,W,111,112,,,24.6024,cib,,,,,,Cody/Chiza,
361,U1474,F,4,H,3,W,111,112,,,24.6024,cib,0.962,0.033,3.411,0.069,,Cody/Chiza,
361,U1474,D,4,H,3,W,123,124,18,,24.72,cib,0.54,0.032,3.11,0.046,,Romily B,
361,U1474,D,4,H,3,W,123,124,18,,24.72,uvi,,,,,,Romily B,
361,U1474,D,4,H,3,W,123,124,,,24.7248,cib,1.317,0.04,2.96,0.081,,Cody/Chiza,
361,U1474,D,4,H,3,W,136,137,,,24.8472,cib,,0.042,,0.148,,Cody/Chiza,
361,U1474,D,4,H,3,W,136,137,,,24.8472,cib,,,,,,Cody/Chiza,
361,U1474,D,4,H,3,W,136,137,18,,24.85,cib,0.69,0.025,3.03,0.051,,Romily B,
361,U1474,D,4,H,3,W,136,137,18,,24.85,uvi,,,,,,Romily B,
361,U1474,D,4,H,3,W,148,149,,,24.9696,cib,1.101,0.024,2.885,0.072,,Cody/Chiza,
361,U1474,D,4,H,3,W,148,149,18,,24.97,cib,0.66,0.032,2.83,0.063,,Romily B,
361,U1474,D,4,H,3,W,148,149,18,,24.97,uvi,,,,,,Romily B,
361,U1474,D,4,H,4,W,10,11,18,,25.09,cib,0.16,0.025,3.34,0.042,,Romily B,
361,U1474,D,4,H,4,W,10,11,18,,25.09,uvi,,,,,,Romily B,
361,U1474,D,4,H,4,W,22,23,18,,25.21,cib,0.08,0.033,3.24,0.058,,Romily B,
361,U1474,D,4,H,4,W,22,23,18,,25.21,uvi,,,,,,Romily B,
361,U1474,D,4,H,4,W,22,23,,,25.2144,cib,,,,,,Cody/Chiza,
361,U1474,D,4,H,4,W,35,36,,,25.3368,cib,0.533,0.03,3.854,0.083,,Cody/Chiza,
361,U1474,D,4,H,4,W,35,36,,,25.3368,cib,,,,,,Cody/Chiza,
361,U1474,D,4,H,4,W,35,36,18,,25.34,cib,-0.02,0.031,3.8,0.043,,Romily B,
361,U1474,D,4,H,4,W,35,36,18,,25.34,uvi,,,,,,Romily B,
361,U1474,D,4,H,4,W,47,48,18,,25.46,cib,-0.16,0.043,3.05,0.067,,Romily B,
361,U1474,D,4,H,4,W,47,48,18,,25.46,uvi,,,,,,Romily B,
361,U1474,D,4,H,4,W,59,60,18,,25.58,cib,0.48,0.03,3.68,0.061,,Romily B,
361,U1474,D,4,H,4,W,59,60,18,,25.58,uvi,,,,,,Romily B,
361,U1474,D,4,H,4,W,71,72,18,,25.7,cib,0.47,0.033,3.43,0.039,,Romily B,
361,U1474,D,4,H,4,W,71,72,18,,25.7,uvi,,,,,,Romily B,
361,U1474,D,4,H,4,W,84,85,,,25.8264,uvi,-0.471,0.015,4.133,0.025,,Cody/Chiza,
361,U1474,D,4,H,4,W,84,85,,,25.8264,cib,,,,,,Cody/Chiza,
361,U1474,D,4,H,4,W,84,85,18,,25.83,cib,0.19,0.018,3.61,0.055,,Romily B,
361,U1474,D,4,H,4,W,84,85,18,,25.83,uvi,,,,,,Romily B,
361,U1474,F,4,H,3,W,50,51,18,,25.95,cib,0.59,0.034,3.43,0.059,,Romily B,
361,U1474,F,4,H,3,W,50,51,18,,25.95,uvi,,,,,,Romily B,
361,U1474,F,4,H,3,W,62,63,18,,26.07,cib,0.38,0.022,3.27,0.04,,Romily B,
361,U1474,F,4,H,3,W,62,63,18,,26.07,uvi,,,,,,Romily B,
361,U1474,F,4,H,3,W,74,75,18,,26.19,cib,0.32,0.032,3.53,0.068,,Romily B,
361,U1474,F,4,H,3,W,74,75,18,,26.19,uvi,,,,,,Romily B,
361,U1474,F,4,H,3,W,87,88,18,,26.32,cib,0.38,0.046,3,0.075,,Romily B,
361,U1474,F,4,H,3,W,87,88,18,,26.32,uvi,,,,,,Romily B,
361,U1474,F,4,H,3,W,99,100,18,,26.44,cib,0.63,0.036,3.24,0.066,,Romily B,
361,U1474,F,4,H,3,W,99,100,18,,26.44,uvi,,,,,,Romily B,
361,U1474,F,4,H,3,W,111,112,18,,26.56,cib,0.35,0.025,3.35,0.031,,Romily B,
361,U1474,F,4,H,3,W,111,112,18,,26.56,uvi,,,,,,Romily B,
361,U1474,F,4,H,3,W,123,124,18,,26.68,cib,0.67,0.026,2.9,0.042,,Romily B,
361,U1474,F,4,H,3,W,123,124,18,,26.68,uvi,,,,,,Romily B,
361,U1474,F,4,H,3,W,136,137,18,,26.81,cib,-0.06,0.044,3.7,0.047,,Romily B,
361,U1474,F,4,H,3,W,136,137,18,,26.81,uvi,,,,,,Romily B,
361,U1474,F,4,H,3,W,148,149,18,,26.93,cib,0,0.031,4.54,0.046,,Romily B,
361,U1474,F,4,H,3,W,148,149,18,,26.93,uvi,,,,,,Romily B,
361,U1474,F,4,H,4,W,10,11,18,,27.05,cib,0.09,0.029,4.36,0.05,,Romily B,
361,U1474,F,4,H,4,W,10,11,18,,27.05,uvi,,,,,,Romily B,
361,U1474,F,4,H,4,W,22,23,18,,27.17,cib,-0.08,0.024,4.49,0.044,,Romily B,
361,U1474,F,4,H,4,W,22,23,18,,27.17,uvi,,,,,,Romily B,
361,U1474,F,4,H,4,W,35,36,18,,27.3,cib,-0.12,0.022,4.29,0.042,,Romily B,
361,U1474,F,4,H,4,W,35,36,18,,27.3,uvi,,,,,,Romily B,
361,U1474,F,4,H,4,W,47,48,18,,27.42,cib,-0.64,0.022,3.83,0.024,,Romily B,
361,U1474,F,4,H,4,W,47,48,18,,27.42,uvi,,,,,,Romily B,
361,U1474,F,4,H,4,W,59,60,18,,27.54,cib,-0.01,0.026,4.03,0.036,,Romily B,
361,U1474,F,4,H,4,W,59,60,18,,27.54,uvi,,,,,,Romily B,
361,U1474,F,4,H,4,W,71,72,18,,27.66,cib,-0.26,0.044,4.03,0.064,,Romily B,
361,U1474,F,4,H,4,W,71,72,18,,27.66,uvi,,,,,,Romily B,
361,U1474,F,4,H,4,W,83,84,18,,27.78,cib,-0.36,0.022,4.14,0.02,,Romily B,
361,U1474,F,4,H,4,W,83,84,18,,27.78,uvi,,,,,,Romily B,
361,U1474,F,4,H,4,W,96,97,18,,27.91,cib,-0.41,0.059,4.06,0.096,,Romily B,
361,U1474,F,4,H,4,W,96,97,18,,27.91,uvi,,,,,,Romily B,
361,U1474,F,4,H,4,W,108,109,18,,28.03,cib,-0.59,0.023,3.88,0.047,,Romily B,
361,U1474,F,4,H,4,W,108,109,18,,28.03,uvi,,,,,,Romily B,
361,U1474,F,4,H,4,W,120,121,18,,28.15,cib,-0.14,0.066,3.46,0.034,,Romily B,
361,U1474,F,4,H,4,W,120,121,18,,28.15,uvi,,,,,,Romily B,
361,U1474,F,4,H,4,W,132,133,18,,28.27,cib,-0.34,0.026,3.9,0.045,,Romily B,
361,U1474,F,4,H,4,W,132,133,18,,28.27,uvi,,,,,,Romily B,
361,U1474,F,4,H,4,W,145,146,18,,28.4,cib,-0.53,0.03,4.01,0.031,,Romily B,
361,U1474,F,4,H,4,W,145,146,18,,28.4,uvi,,,,,,Romily B,
361,U1474,F,4,H,5,W,7,8,18,,28.52,cib,-0.12,0.028,3.81,0.05,,Romily B,
361,U1474,F,4,H,5,W,7,8,18,,28.52,uvi,,,,,,Romily B,
361,U1474,F,4,H,5,W,19,20,18,,28.64,cib,-0.1,0.048,3.88,0.076,,Romily B,
361,U1474,F,4,H,5,W,19,20,18,,28.64,uvi,,,,,,Romily B,
361,U1474,F,4,H,5,W,31,32,18,,28.76,cib,-0.22,0.014,3.66,0.037,,Romily B,
361,U1474,F,4,H,5,W,31,32,18,,28.76,uvi,,,,,,Romily B,
361,U1474,F,4,H,5,W,44,45,18,,28.89,cib,0.17,0.023,3.64,0.06,,Romily B,
361,U1474,F,4,H,5,W,44,45,18,,28.89,uvi,,,,,,Romily B,
361,U1474,F,4,H,5,W,56,57,18,,29.01,cib,0.31,0.035,3.59,0.045,,Romily B,
361,U1474,F,4,H,5,W,56,57,18,,29.01,uvi,,,,,,Romily B,
361,U1474,F,4,H,5,W,68,69,18,,29.13,cib,0.44,0.021,3.11,0.06,,Romily B,
361,U1474,F,4,H,5,W,68,69,18,,29.13,uvi,,,,,,Romily B,
361,U1474,F,4,H,5,W,80,81,18,,29.25,cib,0.48,0.058,3.15,0.041,,Romily B,
361,U1474,F,4,H,5,W,80,81,18,,29.25,uvi,,,,,,Romily B,
361,U1474,F,4,H,5,W,93,94,18,,29.38,cib,0.69,0.033,3.05,0.054,,Romily B,
361,U1474,F,4,H,5,W,93,94,18,,29.38,uvi,,,,,,Romily B,
361,U1474,F,4,H,5,W,105,106,18,,29.5,cib,0.14,0.017,3.49,0.025,,Romily B,
361,U1474,F,4,H,5,W,105,106,18,,29.5,uvi,,,,,,Romily B,
361,U1474,F,4,H,5,W,117,118,18,,29.62,cib,0.44,0.032,3.27,0.031,,Romily B,
361,U1474,F,4,H,5,W,117,118,18,,29.62,uvi,,,,,,Romily B,
361,U1474,F,4,H,5,W,129,130,18,,29.74,cib,-0.19,0.026,3.72,0.051,,Romily B,
361,U1474,F,4,H,5,W,129,130,18,,29.74,uvi,,,,,,Romily B,
361,U1474,F,4,H,5,W,142,143,18,,29.87,cib,-0.38,0.049,3.97,0.053,,Romily B,
361,U1474,F,4,H,5,W,142,143,18,,29.87,uvi,,,,,,Romily B,
361,U1474,F,4,H,6,W,4,5,18,,29.99,cib,-0.17,0.034,3.98,0.073,,Romily B,
361,U1474,F,4,H,6,W,4,5,18,,29.99,uvi,,,,,,Romily B,
361,U1474,F,4,H,6,W,16,17,18,,30.11,cib,0.16,0.036,3.9,0.054,,Romily B,
361,U1474,F,4,H,6,W,16,17,18,,30.11,uvi,,,,,,Romily B,
361,U1474,F,4,H,6,W,28,29,18,,30.23,cib,0.27,0.026,3.81,0.06,,Romily B,
361,U1474,F,4,H,6,W,28,29,18,,30.23,uvi,,,,,,Romily B,
361,U1474,F,4,H,6,W,41,42,18,,30.36,cib,0.31,0.016,3.59,0.047,,Romily B,
361,U1474,F,4,H,6,W,41,42,18,,30.36,uvi,,,,,,Romily B,
361,U1474,F,4,H,6,W,53,54,18,,30.48,cib,0.16,0.028,3.59,0.034,,Romily B,
361,U1474,F,4,H,6,W,53,54,18,,30.48,uvi,,,,,,Romily B,
361,U1474,F,4,H,6,W,65,66,18,,30.6,cib,-0.04,0.016,3.72,0.024,,Romily B,
361,U1474,F,4,H,6,W,65,66,18,,30.6,uvi,,,,,,Romily B,
361,U1474,A,4,H,4,W,128,129,18,,30.72,cib,,,,,,Romily B,
361,U1474,A,4,H,4,W,128,129,18,,30.72,uvi,,,,,,Romily B,
361,U1474,A,4,H,4,W,140,141,18,,30.84,cib,,,,,,Romily B,
361,U1474,A,4,H,4,W,140,141,18,,30.84,uvi,,,,,,Romily B,
361,U1474,A,4,H,5,W,3,4,18,,30.97,cib,,,,,,Romily B,
361,U1474,A,4,H,5,W,3,4,18,,30.97,uvi,,,,,,Romily B,
361,U1474,A,4,H,5,W,15,16,18,,31.09,cib,-0.31,0.023,3.99,0.064,,Romily B,
361,U1474,A,4,H,5,W,15,16,18,,31.09,uvi,,,,,,Romily B,
361,U1474,A,4,H,5,W,27,28,18,,31.21,cib,,,,,,Romily B,
361,U1474,A,4,H,5,W,27,28,18,,31.21,uvi,,,,,,Romily B,
361,U1474,A,4,H,5,W,27,28,18,,31.21,cib,,,,,M1,Chiza Mwinde,Sample missing
361,U1474,A,4,H,5,W,27,28,18,,31.21,uvi,,,,,M1,Chiza Mwinde,Sample missing
361,U1474,A,4,H,5,W,39,40,18,,31.33,cib,,,,,,Romily B,
361,U1474,A,4,H,5,W,39,40,18,,31.33,uvi,,,,,,Romily B,
361,U1474,A,4,H,5,W,39,40,18,,31.33,cib,,,,,M2,Chiza Mwinde,Sample missing
361,U1474,A,4,H,5,W,39,40,18,,31.33,uvi,,,,,M2,Chiza Mwinde,Sample missing
361,U1474,A,4,H,5,W,52,53,18,,31.46,cib,,,,,M3,Chiza Mwinde,Sample missing
361,U1474,A,4,H,5,W,52,53,18,,31.46,uvi,,,,,M3,Chiza Mwinde,Sample missing
361,U1474,A,4,H,5,W,64,65,18,,31.58,cib,,,,,M4,Chiza Mwinde,Sample missing
361,U1474,A,4,H,5,W,64,65,18,,31.58,uvi,,,,,M4,Chiza Mwinde,Sample missing
361,U1474,A,4,H,5,W,76,77,18,,31.7,cib,,,,,M5,Chiza Mwinde,Sample missing
361,U1474,A,4,H,5,W,76,77,18,,31.7,uvi,,,,,M5,Chiza Mwinde,Sample missing
361,U1474,A,4,H,5,W,88,89,18,,31.82,cib,,,,,,Bryan Fefe,
361,U1474,A,4,H,5,W,88,89,18,,31.82,uvi,-0.347,0.038,4.008,0.063,,Bryan Fefe,
361,U1474,A,4,H,5,W,88,89,18,,31.82,cib,0.255,0.016,3.633,0.016,M6,Chiza Mwinde,
361,U1474,A,4,H,5,W,88,89,18,,31.82,uvi,-0.459,0.017,3.861,0.061,M6,Chiza Mwinde,
361,U1474,A,4,H,5,W,101,102,,,31.9464,cib,,,,,,Cody/Chiza,
361,U1474,A,4,H,5,W,101,102,18,,31.95,cib,,,,,,Bryan Fefe,
361,U1474,A,4,H,5,W,101,102,18,,31.95,uvi,-0.311,0.018,3.69,0.035,,Bryan Fefe,
361,U1474,A,4,H,5,W,101,102,18,,31.95,cib,,,,,M7,Chiza Mwinde,cib too small
361,U1474,A,4,H,5,W,101,102,18,,31.95,uvi,-0.224,0.018,3.805,0.022,M7,Chiza Mwinde,cib too small
361,U1474,A,4,H,5,W,113,114,18,,32.07,cib,,,,,,Bryan Fefe,
361,U1474,A,4,H,5,W,113,114,18,,32.07,uvi,,,,,,Bryan Fefe,
361,U1474,A,4,H,5,W,113,114,18,,32.07,cib,0.312,0.014,2.91,0.041,M8,Chiza Mwinde,
361,U1474,A,4,H,5,W,113,114,18,,32.07,uvi,,,,,M8,Chiza Mwinde,
361,U1474,A,4,H,5,W,125,126,18,,32.19,cib,0.08,0.024,3.01,0.062,,Bryan Fefe,
361,U1474,A,4,H,5,W,125,126,18,,32.19,uvi,,,,,,Bryan Fefe,
361,U1474,A,4,H,5,W,125,126,18,,32.19,cib,-0.214,0.008,3.775,0.034,M9,Chiza Mwinde,
361,U1474,A,4,H,5,W,125,126,18,,32.19,uvi,-0.855,0.023,3.924,0.036,M9,Chiza Mwinde,
361,U1474,A,4,H,5,W,137,138,18,,32.31,cib,-0.34,0.027,3.91,0.044,,Bryan Fefe,
361,U1474,A,4,H,5,W,137,138,18,,32.31,uvi,-1.053,0.03,4.455,0.07,,Bryan Fefe,
361,U1474,A,4,H,5,W,137,138,18,,32.31,cib,,,,,M10,Chiza Mwinde,no forams
361,U1474,A,4,H,5,W,137,138,18,,32.31,uvi,,,,,M10,Chiza Mwinde,no forams
361,U1474,A,4,H,5,W,137,138,,,32.3136,cib,0.235,0.019,3.926,0.048,,Cody/Chiza,
361,U1474,A,4,H,5,W,148,149,,,32.4236,cib,,,,,,Cody/Chiza,
361,U1474,A,4,H,5,W,150,151,18,,32.44,cib,-0.49,0.033,4.1,0.024,,Bryan Fefe,
361,U1474,A,4,H,5,W,150,151,18,,32.44,uvi,-1.396,0.02,4.701,0.048,,Bryan Fefe,
361,U1474,A,4,H,5,W,150,151,18,,32.44,cib,,,,,M11,Chiza Mwinde,cib too small
361,U1474,A,4,H,5,W,150,151,18,,32.44,uvi,-1.64,0.016,4.814,0.045,M11,Chiza Mwinde,cib too small
361,U1474,A,4,H,6,W,12,13,,,32.5584,cib,,,,,,Cody/Chiza,
361,U1474,A,4,H,6,W,12,13,18,,32.56,cib,-0.31,0.027,4.22,0.035,,Bryan Fefe,
361,U1474,A,4,H,6,W,12,13,18,,32.56,uvi,-1.229,0.016,4.8,0.043,,Bryan Fefe,
361,U1474,A,4,H,6,W,12,13,18,,32.56,cib,-0.366,0.02,4.297,0.026,M12,Chiza Mwinde,
361,U1474,A,4,H,6,W,12,13,18,,32.56,uvi,-1.475,0.012,4.842,0.022,M12,Chiza Mwinde,
361,U1474,A,4,H,6,W,24,25,18,,32.68,cib,,,,,,Bryan Fefe,
361,U1474,A,4,H,6,W,24,25,18,,32.68,uvi,-1.303,0.031,4.831,0.036,,Bryan Fefe,
361,U1474,A,4,H,6,W,24,25,18,,32.68,cib,-0.435,0.011,4.196,0.019,M13,Chiza Mwinde,
361,U1474,A,4,H,6,W,24,25,18,,32.68,uvi,-1.153,0.015,4.744,0.032,M13,Chiza Mwinde,
361,U1474,A,4,H,6,W,36,37,18,,32.8,cib,-0.33,0.031,4.13,0.039,,Bryan Fefe,
361,U1474,A,4,H,6,W,36,37,18,,32.8,uvi,-1.093,0.019,4.731,0.032,,Bryan Fefe,
361,U1474,A,4,H,6,W,36,37,18,,32.8,cib,-0.393,0.016,4.223,0.016,M14,Chiza Mwinde,
361,U1474,A,4,H,6,W,36,37,18,,32.8,uvi,-1.295,0.021,4.725,0.017,M14,Chiza Mwinde,
361,U1474,A,4,H,6,W,49,50,18,,32.93,cib,-0.08,0.042,4.02,0.092,,Bryan Fefe,
361,U1474,A,4,H,6,W,49,50,18,,32.93,uvi,-1.054,0.027,4.642,0.081,,Bryan Fefe,
361,U1474,A,4,H,6,W,49,50,18,,32.93,cib,-0.313,0.014,4.044,0.024,M15,Chiza Mwinde,
361,U1474,A,4,H,6,W,49,50,18,,32.93,uvi,-1.163,0.018,4.685,0.042,M15,Chiza Mwinde,
361,U1474,A,4,H,6,W,61,62,18,,33.05,cib,,,,,,Bryan Fefe,
361,U1474,A,4,H,6,W,61,62,18,,33.05,uvi,-1.053,0.035,4.525,0.044,,Bryan Fefe,
361,U1474,A,4,H,6,W,61,62,18,,33.05,cib,-0.209,0.011,4.049,0.036,M16,Chiza Mwinde,
361,U1474,A,4,H,6,W,61,62,18,,33.05,uvi,-1.105,0.011,4.538,0.035,M16,Chiza Mwinde,
361,U1474,A,4,H,6,W,73,74,18,,33.17,cib,-0.27,0.054,3.77,0.08,,Bryan Fefe,
361,U1474,A,4,H,6,W,73,74,18,,33.17,uvi,-1.121,0.062,4.503,0.09,,Bryan Fefe,
361,U1474,A,4,H,6,W,73,74,18,,33.17,cib,-0.143,0.011,3.995,0.043,M17,Chiza Mwinde,
361,U1474,A,4,H,6,W,73,74,18,,33.17,uvi,-1.184,0.022,4.584,0.018,M17,Chiza Mwinde,
361,U1474,A,4,H,6,W,85,86,18,,33.29,cib,,,,0.113,,Bryan Fefe,
361,U1474,A,4,H,6,W,85,86,18,,33.29,uvi,-1.062,0.025,4.522,0.03,,Bryan Fefe,
361,U1474,A,4,H,6,W,85,86,18,,33.29,cib,-0.048,0.014,3.584,0.028,M18,Chiza Mwinde,
361,U1474,A,4,H,6,W,85,86,18,,33.29,uvi,-0.859,0.017,4.505,0.023,M18,Chiza Mwinde,
361,U1474,A,4,H,6,W,85,86,,,33.2928,cib,,,,,,Cody/Chiza,
361,U1474,A,4,H,6,W,98,99,18,,33.42,cib,0,0.021,3.78,0.027,,Bryan Fefe,
361,U1474,A,4,H,6,W,98,99,18,,33.42,uvi,-0.32,0.023,3.964,0.038,,Bryan Fefe,
361,U1474,A,4,H,6,W,98,99,18,,33.42,cib,0.052,0.023,3.845,0.037,M19,Chiza Mwinde,
361,U1474,A,4,H,6,W,98,99,18,,33.42,uvi,-0.75,0.015,4.16,0.038,M19,Chiza Mwinde,
361,U1474,A,4,H,6,W,110,111,,,33.5376,cib,,,,,,Cody/Chiza,
361,U1474,A,4,H,6,W,110,111,18,,33.54,cib,-0.07,0.019,3.65,0.027,,Bryan Fefe,
361,U1474,A,4,H,6,W,110,111,18,,33.54,uvi,,,,,,Bryan Fefe,
361,U1474,A,4,H,6,W,110,111,18,,33.54,cib,0.149,0.013,3.491,0.032,M20,Chiza Mwinde,
361,U1474,A,4,H,6,W,110,111,18,,33.54,uvi,-0.598,0.017,4.168,0.024,M20,Chiza Mwinde,
361,U1474,F,5,H,1,W,85,86,18,,33.66,cib,0.34,0.028,3.04,0.056,,Bryan Fefe,
361,U1474,F,5,H,1,W,85,86,18,,33.66,uvi,-0.427,0.025,3.882,0.02,,Bryan Fefe,
361,U1474,F,5,H,1,W,85,86,18,,33.66,cib,0.358,0.013,3.274,0.046,M21,Chiza Mwinde,no uvigerina
361,U1474,F,5,H,1,W,85,86,18,,33.66,uvi,,,,,M21,Chiza Mwinde,no uvigerina
361,U1474,F,5,H,1,W,97,98,18,,33.78,cib,,,,,,Bryan Fefe,
361,U1474,F,5,H,1,W,97,98,18,,33.78,uvi,-0.797,0.014,4.061,0.047,,Bryan Fefe,
361,U1474,F,5,H,1,W,97,98,18,,33.78,cib,-0.111,0.011,3.285,0.018,M22,Chiza Mwinde,
361,U1474,F,5,H,1,W,97,98,18,,33.78,uvi,-0.768,0.015,3.837,0.03,M22,Chiza Mwinde,
361,U1474,F,5,H,1,W,97,98,,,33.7824,cib,,,,,,Cody/Chiza,
361,U1474,F,5,H,1,W,109,110,18,,33.9,cib,,,,,,Bryan Fefe,
361,U1474,F,5,H,1,W,109,110,18,,33.9,uvi,-0.71,0.031,3.989,0.028,,Bryan Fefe,
361,U1474,F,5,H,1,W,109,110,18,,33.9,cib,0.083,0.027,3.733,0.033,M23,Chiza Mwinde,
361,U1474,F,5,H,1,W,109,110,18,,33.9,uvi,-1.226,0.019,4.181,0.02,M23,Chiza Mwinde,
361,U1474,F,5,H,1,W,109,110,,,33.9048,cib,,,,,,Cody/Chiza,
361,U1474,F,5,H,1,W,122,123,18,,34.03,cib,0.01,0.039,3.28,0.072,,Bryan Fefe,
361,U1474,F,5,H,1,W,122,123,18,,34.03,uvi,,,,,,Bryan Fefe,
361,U1474,F,5,H,1,W,122,123,18,,34.03,cib,-0.014,0.024,3.311,0.031,M24,Chiza Mwinde,
361,U1474,F,5,H,1,W,122,123,18,,34.03,uvi,-0.822,0.009,4.139,0.018,M24,Chiza Mwinde,
361,U1474,F,5,H,1,W,134,135,18,,34.15,cib,,,,,,Bryan Fefe,
361,U1474,F,5,H,1,W,134,135,18,,34.15,uvi,,,,,,Bryan Fefe,
361,U1474,F,5,H,1,W,134,135,18,,34.15,cib,-0.18,0.025,3.358,0.032,M25,Chiza Mwinde,
361,U1474,F,5,H,1,W,134,135,18,,34.15,uvi,-1.084,0.017,3.97,0.018,M25,Chiza Mwinde,
361,U1474,F,5,H,1,W,146,147,18,,34.27,cib,,,,,,Bryan Fefe,
361,U1474,F,5,H,1,W,146,147,18,,34.27,uvi,-0.656,0.02,3.657,0.025,,Bryan Fefe,
361,U1474,F,5,H,1,W,146,147,18,,34.27,cib,0.224,0.012,3.416,0.032,M26,Chiza Mwinde,
361,U1474,F,5,H,1,W,146,147,18,,34.27,uvi,-0.509,0.014,3.86,0.032,M26,Chiza Mwinde,
361,U1474,F,5,H,2,W,8,9,18,,34.39,cib,,,,,,Bryan Fefe,
361,U1474,F,5,H,2,W,8,9,18,,34.39,uvi,-0.366,0.018,3.909,0.04,,Bryan Fefe,
361,U1474,F,5,H,2,W,8,9,18,,34.39,cib,0.078,0.014,3.184,0.026,M27,Chiza Mwinde,
361,U1474,F,5,H,2,W,8,9,18,,34.39,uvi,-0.603,0.016,3.833,0.031,M27,Chiza Mwinde,
361,U1474,F,5,H,2,W,8,9,,,34.3944,cib,1.168,0.034,3.302,0.127,,Cody/Chiza,
361,U1474,F,5,H,2,W,21,22,,,34.5168,cib,,,,,,Cody/Chiza,
361,U1474,F,5,H,2,W,21,22,18,,34.52,cib,-0.06,0.039,3.18,0.082,,Bryan Fefe,
361,U1474,F,5,H,2,W,21,22,18,,34.52,uvi,-0.837,0.032,4.048,0.056,,Bryan Fefe,
361,U1474,F,5,H,2,W,21,22,18,,34.52,cib,-0.056,0.018,3.18,0.023,M28,Chiza Mwinde,
361,U1474,F,5,H,2,W,21,22,18,,34.52,uvi,-0.68,0.018,3.815,0.039,M28,Chiza Mwinde,
361,U1474,F,5,H,2,W,33,34,,,34.6392,uvi,-0.21,0.018,3.997,0.046,,Cody/Chiza,
361,U1474,F,5,H,2,W,33,34,,,34.6392,cib,,,,,,Cody/Chiza,
361,U1474,F,5,H,2,W,33,34,18,,34.64,cib,0.41,0.027,3.19,0.038,,Bryan Fefe,
361,U1474,F,5,H,2,W,33,34,18,,34.64,uvi,-0.324,0.023,3.616,0.072,,Bryan Fefe,
361,U1474,F,5,H,2,W,33,34,18,,34.64,cib,0.126,0.029,3.289,0.033,M29,Chiza Mwinde,
361,U1474,F,5,H,2,W,33,34,18,,34.64,uvi,-0.488,0.016,3.813,0.046,M29,Chiza Mwinde,
361,U1474,F,5,H,2,W,45,46,18,,34.76,cib,0.45,0.011,2.84,0.063,,Bryan Fefe,
361,U1474,F,5,H,2,W,45,46,18,,34.76,uvi,-0.524,0.015,3.45,0.036,,Bryan Fefe,
361,U1474,F,5,H,2,W,45,46,18,,34.76,cib,0.068,0.027,3.573,0.016,M30,Chiza Mwinde,
361,U1474,F,5,H,2,W,45,46,18,,34.76,uvi,-0.463,0.014,3.348,0.016,M30,Chiza Mwinde,
361,U1474,F,5,H,2,W,45,46,18,,34.76,uvi,-1.1,0.016,4.509,0.053,M30,Chiza Mwinde,1st analysis light 18O
361,U1474,F,5,H,2,W,45,46,,,34.7616,cib,,,,,,Cody/Chiza,
361,U1474,F,5,H,2,W,57,58,18,,34.88,cib,-0.12,0.022,2.96,0.046,,Bryan Fefe,
361,U1474,F,5,H,2,W,57,58,18,,34.88,uvi,-0.533,0.03,3.521,0.052,,Bryan Fefe,
361,U1474,F,5,H,2,W,57,58,18,,34.88,cib,0.051,0.01,2.963,0.021,M31,Chiza Mwinde,
361,U1474,F,5,H,2,W,57,58,18,,34.88,uvi,-0.725,0.023,3.804,0.035,M31,Chiza Mwinde,
361,U1474,F,5,H,2,W,57,58,18,,34.88,cib,0.058,0.015,3.122,0.06,M31,Chiza Mwinde,1st analysis light 18O
361,U1474,F,5,H,2,W,57,58,,,34.884,cib,,,,,,Cody/Chiza,
361,U1474,F,5,H,2,W,70,71,,,35.0064,cib,,0.064,,0.118,,Cody/Chiza,
361,U1474,F,5,H,2,W,70,71,18,,35.01,cib,,0.063,,0.098,,Bryan Fefe,
361,U1474,F,5,H,2,W,70,71,18,,35.01,uvi,,,,,,Bryan Fefe,
361,U1474,F,5,H,2,W,70,71,18,,35.01,cib,-0.406,0.013,4.196,0.037,M32,Chiza Mwinde,
361,U1474,F,5,H,2,W,70,71,18,,35.01,uvi,-1.117,0.011,4.512,0.019,M32,Chiza Mwinde,
361,U1474,F,5,H,2,W,82,83,,,35.1288,cib,,,,,,Cody/Chiza,
361,U1474,F,5,H,2,W,82,83,18,,35.13,cib,-0.43,0.045,4.16,0.075,,Bryan Fefe,
361,U1474,F,5,H,2,W,82,83,18,,35.13,uvi,-1.411,0.017,4.994,0.023,,Bryan Fefe,
361,U1474,F,5,H,2,W,82,83,18,,35.13,cib,-0.772,0.02,3.787,0.028,M33,Chiza Mwinde,
361,U1474,F,5,H,2,W,82,83,18,,35.13,uvi,-1.184,0.023,4.807,0.017,M33,Chiza Mwinde,
361,U1474,F,5,H,2,W,94,95,18,,35.25,cib,,,,,,Bryan Fefe,
361,U1474,F,5,H,2,W,94,95,18,,35.25,uvi,,,,,,Bryan Fefe,
361,U1474,F,5,H,2,W,94,95,18,,35.25,cib,-0.443,0.013,4.329,0.027,M34,Chiza Mwinde,
361,U1474,F,5,H,2,W,94,95,18,,35.25,uvi,-1.235,0.014,4.86,0.034,M34,Chiza Mwinde,
361,U1474,F,5,H,2,W,94,95,,,35.2512,cib,,,,,,Cody/Chiza,
361,U1474,F,5,H,2,W,106,107,18,,35.37,cib,,,,,,Bryan Fefe,
361,U1474,F,5,H,2,W,106,107,18,,35.37,uvi,-1.333,0.047,4.696,0.056,,Bryan Fefe,
361,U1474,F,5,H,2,W,106,107,18,,35.37,cib,,,,,M35,Chiza Mwinde,very small cibs
361,U1474,F,5,H,2,W,106,107,18,,35.37,uvi,-1.329,0.019,4.898,0.026,M35,Chiza Mwinde,very small cibs
361,U1474,F,5,H,2,W,106,107,,,35.3736,cib,,,,,,Cody/Chiza,
361,U1474,F,5,H,2,W,119,120,18,,35.5,cib,,,,,,Bryan Fefe,
361,U1474,F,5,H,2,W,119,120,18,,35.5,uvi,-1.307,0.016,4.596,0.033,,Bryan Fefe,
361,U1474,F,5,H,2,W,119,120,18,,35.5,cib,,,,,M36,Chiza Mwinde,no cibs
361,U1474,F,5,H,2,W,119,120,18,,35.5,uvi,-1.124,0.018,4.554,0.04,M36,Chiza Mwinde,no cibs
361,U1474,F,5,H,2,W,131,132,18,,35.62,cib,,,,,,Bryan Fefe,
361,U1474,F,5,H,2,W,131,132,18,,35.62,uvi,,,,,,Bryan Fefe,
361,U1474,F,5,H,2,W,131,132,18,,35.62,cib,,,,,M37,Chiza Mwinde,"no forams, full of sponge spicules"
361,U1474,F,5,H,2,W,131,132,18,,35.62,uvi,,,,,M37,Chiza Mwinde,"no forams, full of sponge spicules"
361,U1474,F,5,H,2,W,143,144,18,,35.74,cib,,,,,,Bryan Fefe,
361,U1474,F,5,H,2,W,143,144,18,,35.74,uvi,,,,,,Bryan Fefe,
361,U1474,F,5,H,2,W,143,144,18,,35.74,cib,-0.815,0.015,4.163,0.018,M38,Chiza Mwinde,
361,U1474,F,5,H,2,W,143,144,18,,35.74,uvi,-1.387,0.022,4.538,0.051,M38,Chiza Mwinde,
361,U1474,F,5,H,3,W,5,6,18,,35.86,cib,,,,,,Bryan Fefe,
361,U1474,F,5,H,3,W,5,6,18,,35.86,uvi,-1.115,0.015,4.695,0.057,,Bryan Fefe,
361,U1474,F,5,H,3,W,5,6,18,,35.86,cib,-0.684,0.024,4.064,0.046,M39,Chiza Mwinde,
361,U1474,F,5,H,3,W,5,6,18,,35.86,uvi,,,,,M39,Chiza Mwinde,
361,U1474,F,5,H,3,W,18,19,,,35.9856,cib,0.01,0.042,4.031,0.094,,Cody/Chiza,
361,U1474,F,5,H,3,W,18,19,18,,35.99,cib,-0.41,0.019,4.09,0.045,,Bryan Fefe,
361,U1474,F,5,H,3,W,18,19,18,,35.99,uvi,,,,,,Bryan Fefe,
361,U1474,F,5,H,3,W,18,19,18,,35.99,cib,-1.276,0.014,4.118,0.05,M40,Chiza Mwinde,
361,U1474,F,5,H,3,W,18,19,18,,35.99,uvi,-1.295,0.014,4.794,0.047,M40,Chiza Mwinde,
361,U1474,F,5,H,3,W,30,31,18,,36.11,cib,-0.72,0.032,3.94,0.06,,Bryan Fefe,
361,U1474,F,5,H,3,W,30,31,18,,36.11,uvi,-1.243,0.05,4.53,0.075,,Bryan Fefe,
361,U1474,F,5,H,3,W,30,31,18,,36.11,cib,-0.68,0.023,4.23,0.018,M41,Chiza Mwinde,
361,U1474,F,5,H,3,W,30,31,18,,36.11,uvi,-0.923,0.019,4.551,0.028,M41,Chiza Mwinde,
361,U1474,F,5,H,3,W,42,43,18,,36.23,cib,,,,,,Bryan Fefe,
361,U1474,F,5,H,3,W,42,43,18,,36.23,uvi,-0.78,0.022,4.343,0.041,,Bryan Fefe,
361,U1474,F,5,H,3,W,42,43,18,,36.23,cib,0.035,0.012,3.832,0.024,M42,Chiza Mwinde,
361,U1474,F,5,H,3,W,42,43,18,,36.23,uvi,-1.004,0.01,4.359,0.034,M42,Chiza Mwinde,
361,U1474,F,5,H,3,W,54,55,18,,36.35,cib,,,,,,Bryan Fefe,
361,U1474,F,5,H,3,W,54,55,18,,36.35,uvi,-0.939,0.031,4.22,0.035,,Bryan Fefe,
361,U1474,F,5,H,3,W,54,55,18,,36.35,cib,-0.138,0.027,3.549,0.047,M43,Chiza Mwinde,No cibs
361,U1474,F,5,H,3,W,54,55,18,,36.35,uvi,-1.146,0.009,4.26,0.03,M43,Chiza Mwinde,No cibs
361,U1474,F,5,H,3,W,67,68,,,36.4752,uvi,-0.956,0.052,4.257,0.092,,Cody/Chiza,
361,U1474,F,5,H,3,W,67,68,,,36.4752,cib,,,,,,Cody/Chiza,
361,U1474,F,5,H,3,W,67,68,18,,36.48,cib,0.1,0.016,3.28,0.078,,Bryan Fefe,
361,U1474,F,5,H,3,W,67,68,18,,36.48,uvi,-0.784,0.018,4.292,0.034,,Bryan Fefe,
361,U1474,F,5,H,3,W,67,68,18,,36.48,cib,,,,,M44,Chiza Mwinde,
361,U1474,F,5,H,3,W,67,68,18,,36.48,uvi,-0.939,0.024,4.175,0.059,M44,Chiza Mwinde,
361,U1474,F,5,H,3,W,79,80,,,36.5976,uvi,-1.59,0.032,4.846,0.08,,Cody/Chiza,
361,U1474,F,5,H,3,W,79,80,,,36.5976,cib,0.509,0.053,3.441,0.074,,Cody/Chiza,
361,U1474,F,5,H,3,W,79,80,18,,36.6,cib,,,,,,Bryan Fefe,
361,U1474,F,5,H,3,W,79,80,18,,36.6,uvi,-1.191,0.028,4.219,0.085,,Bryan Fefe,
361,U1474,F,5,H,3,W,79,80,18,,36.6,cib,,,,,M45,Chiza Mwinde,Cibs too small
361,U1474,F,5,H,3,W,79,80,18,,36.6,uvi,-1.075,0.02,4.389,0.016,M45,Chiza Mwinde,Cibs too small
361,U1474,F,5,H,3,W,91,92,18,,36.72,cib,-1.36,0.023,4.16,0.043,,Bryan Fefe,
361,U1474,F,5,H,3,W,91,92,18,,36.72,uvi,-1.628,0.034,4.618,0.075,,Bryan Fefe,
361,U1474,F,5,H,3,W,91,92,18,,36.72,cib,-0.695,0.016,4.064,0.037,M46,Chiza Mwinde,No Uvigerina
361,U1474,F,5,H,3,W,91,92,18,,36.72,uvi,,,,,M46,Chiza Mwinde,No Uvigerina
361,U1474,F,5,H,3,W,103,104,18,,36.84,cib,-0.5,0.037,4.14,0.041,,Bryan Fefe,
361,U1474,F,5,H,3,W,103,104,18,,36.84,uvi,-1.472,0.018,4.853,0.027,,Bryan Fefe,
361,U1474,F,5,H,3,W,103,104,18,,36.84,cib,-0.751,0.033,4.148,0.041,M47,Chiza Mwinde,
361,U1474,F,5,H,3,W,103,104,18,,36.84,uvi,-1.442,0.025,4.802,0.101,M47,Chiza Mwinde,
361,U1474,F,5,H,3,W,115,116,18,,36.96,cib,,,,,,Bryan Fefe,
361,U1474,F,5,H,3,W,115,116,18,,36.96,uvi,-1.642,0.025,4.656,0.097,,Bryan Fefe,
361,U1474,F,5,H,3,W,115,116,18,,36.96,cib,,,,,M48,Chiza Mwinde,
361,U1474,F,5,H,3,W,115,116,18,,36.96,uvi,,,,,M48,Chiza Mwinde,
361,U1474,F,5,H,3,W,128,129,18,,37.09,cib,-0.69,0.037,3.93,0.051,,Bryan Fefe,
361,U1474,F,5,H,3,W,128,129,18,,37.09,uvi,-1.648,0.047,4.635,0.079,,Bryan Fefe,
361,U1474,F,5,H,3,W,128,129,18,,37.09,cib,,,,,M49,Chiza Mwinde,
361,U1474,F,5,H,3,W,128,129,18,,37.09,uvi,,,,,M49,Chiza Mwinde,
361,U1474,F,5,H,3,W,140,141,18,,37.21,cib,-0.22,0.025,3.85,0.052,,Bryan Fefe,
361,U1474,F,5,H,3,W,140,141,18,,37.21,uvi,-1.57,0.021,4.566,0.043,,Bryan Fefe,
361,U1474,F,5,H,3,W,140,141,18,,37.21,cib,,,,,M50,Chiza Mwinde,
361,U1474,F,5,H,3,W,140,141,18,,37.21,uvi,,,,,M50,Chiza Mwinde,
361,U1474,F,5,H,4,W,2,3,18,,37.33,cib,,,,,,Bryan Fefe,
361,U1474,F,5,H,4,W,2,3,18,,37.33,uvi,-1.032,0.023,4.216,0.039,,Bryan Fefe,
361,U1474,F,5,H,4,W,2,3,18,,37.33,cib,,,,,M51,Chiza Mwinde,
361,U1474,F,5,H,4,W,2,3,18,,37.33,uvi,,,,,M51,Chiza Mwinde,
361,U1474,F,5,H,4,W,2,3,,,37.332,uvi,-1.572,0.021,4.561,0.042,,Cody/Chiza,
361,U1474,F,5,H,4,W,2,3,,,37.332,cib,-0.363,0.017,3.916,0.05,,Cody/Chiza,
361,U1474,F,5,H,4,W,14,15,18,,37.45,cib,-0.43,0.036,3.55,0.067,,Bryan Fefe,
361,U1474,F,5,H,4,W,14,15,18,,37.45,uvi,-0.982,0.022,4.294,0.055,,Bryan Fefe,
361,U1474,F,5,H,4,W,14,15,18,,37.45,cib,,,,,M52,Chiza Mwinde,
361,U1474,F,5,H,4,W,14,15,18,,37.45,uvi,,,,,M52,Chiza Mwinde,
361,U1474,F,5,H,4,W,15,16,,,37.46,uvi,-1.021,0.011,4.395,0.055,,Cody/Chiza,
361,U1474,F,5,H,4,W,15,16,,,37.46,cib,,,,,,Cody/Chiza,
361,U1474,F,5,H,4,W,27,28,,,37.5768,uvi,-1.181,0.014,4.421,0.042,,Cody/Chiza,
361,U1474,F,5,H,4,W,27,28,,,37.5768,cib,,,,,,Cody/Chiza,
361,U1474,F,5,H,4,W,27,28,18,,37.58,cib,-0.42,0.051,3.68,0.056,,Bryan Fefe,
361,U1474,F,5,H,4,W,27,28,18,,37.58,uvi,-1.174,0.013,4.271,0.045,,Bryan Fefe,
361,U1474,F,5,H,4,W,27,28,18,,37.58,cib,,,,,M53,Chiza Mwinde,
361,U1474,F,5,H,4,W,27,28,18,,37.58,uvi,,,,,M53,Chiza Mwinde,
361,U1474,F,5,H,4,W,39,40,,,37.6992,uvi,-0.977,0.039,4.264,0.049,,Cody/Chiza,
361,U1474,F,5,H,4,W,39,40,18,,37.7,cib,-0.18,0.047,3.62,0.098,,Bryan Fefe,
361,U1474,F,5,H,4,W,39,40,18,,37.7,uvi,-0.99,0.027,4.074,0.054,,Bryan Fefe,
361,U1474,F,5,H,4,W,39,40,18,,37.7,cib,,,,,M54,Chiza Mwinde,
361,U1474,F,5,H,4,W,39,40,18,,37.7,uvi,,,,,M54,Chiza Mwinde,
361,U1474,F,5,H,4,W,51,52,18,,37.82,cib,0.16,0.026,3.32,0.102,,Bryan Fefe,
361,U1474,F,5,H,4,W,51,52,18,,37.82,uvi,-0.522,0.02,4.116,0.034,,Bryan Fefe,
361,U1474,F,5,H,4,W,51,52,18,,37.82,cib,,,,,M55,Chiza Mwinde,
361,U1474,F,5,H,4,W,51,52,18,,37.82,uvi,,,,,M55,Chiza Mwinde,
361,U1474,F,5,H,4,W,51,52,,,37.8216,uvi,,,,,,Cody/Chiza,
361,U1474,F,5,H,4,W,51,52,,,37.8216,cib,0.054,0.033,2.985,0.052,,Cody/Chiza,
361,U1474,F,5,H,4,W,63,64,18,,37.94,cib,,,,,,Bryan Fefe,
361,U1474,F,5,H,4,W,63,64,18,,37.94,uvi,-0.504,0.016,3.87,0.029,,Bryan Fefe,
361,U1474,F,5,H,4,W,63,64,18,,37.94,cib,,,,,M56,Chiza Mwinde,
361,U1474,F,5,H,4,W,63,64,18,,37.94,uvi,,,,,M56,Chiza Mwinde,
361,U1474,F,5,H,4,W,63,64,,,37.944,uvi,-0.802,0.019,4.11,0.051,,Cody/Chiza,
361,U1474,F,5,H,4,W,63,64,,,37.944,cib,,,,,,Cody/Chiza,
361,U1474,F,5,H,4,W,76,77,,,38.0664,uvi,-0.415,0.01,3.848,0.03,,Cody/Chiza,
361,U1474,F,5,H,4,W,76,77,,,38.0664,cib,,,,,,Cody/Chiza,
361,U1474,F,5,H,4,W,76,77,18,,38.07,cib,0.15,0.024,3.29,0.036,,Bryan Fefe,
361,U1474,F,5,H,4,W,76,77,18,,38.07,uvi,-0.686,0.021,3.824,0.034,,Bryan Fefe,
361,U1474,F,5,H,4,W,76,77,18,,38.07,cib,,,,,M57,Chiza Mwinde,
361,U1474,F,5,H,4,W,76,77,18,,38.07,uvi,,,,,M57,Chiza Mwinde,
361,U1474,F,5,H,4,W,88,89,,,38.1888,uvi,-0.504,0.021,3.642,0.063,,Cody/Chiza,
361,U1474,F,5,H,4,W,88,89,,,38.1888,cib,,,,,,Cody/Chiza,
361,U1474,F,5,H,4,W,88,89,18,,38.19,cib,0.15,0.048,3.05,0.058,,Bryan Fefe,
361,U1474,F,5,H,4,W,88,89,18,,38.19,uvi,-0.193,0.016,3.577,0.037,,Bryan Fefe,
361,U1474,F,5,H,4,W,88,89,18,,38.19,cib,,,,,M58,Chiza Mwinde,
361,U1474,F,5,H,4,W,88,89,18,,38.19,uvi,,,,,M58,Chiza Mwinde,
361,U1474,F,5,H,4,W,100,101,18,,38.31,cib,,,,,,Bryan Fefe,
361,U1474,F,5,H,4,W,100,101,18,,38.31,uvi,,,,,,Bryan Fefe,
361,U1474,F,5,H,4,W,100,101,18,,38.31,cib,,,,,M59,Chiza Mwinde,
361,U1474,F,5,H,4,W,100,101,18,,38.31,uvi,,,,,M59,Chiza Mwinde,
361,U1474,F,5,H,4,W,112,113,18,,38.43,cib,0.47,0.041,2.7,0.054,,Bryan Fefe,
361,U1474,F,5,H,4,W,112,113,18,,38.43,uvi,,,,,,Bryan Fefe,
361,U1474,F,5,H,4,W,112,113,18,,38.43,cib,0.4,0.027,2.908,0.051,M60,Chiza Mwinde,no uvigerina
361,U1474,F,5,H,4,W,112,113,18,,38.43,uvi,,,,,M60,Chiza Mwinde,no uvigerina
361,U1474,F,5,H,4,W,112,113,,,38.4336,uvi,,0.06,,0.128,,Cody/Chiza,
361,U1474,F,5,H,4,W,112,113,,,38.4336,cib,,,,,,Cody/Chiza,
361,U1474,F,5,H,4,W,125,126,18,,38.56,cib,,,,,,Bryan Fefe,
361,U1474,F,5,H,4,W,125,126,18,,38.56,uvi,,,,,,Bryan Fefe,
361,U1474,F,5,H,4,W,125,126,18,,38.56,cib,0.508,0.018,2.822,0.039,M61,Chiza Mwinde,no uvigerina
361,U1474,F,5,H,4,W,125,126,18,,38.56,uvi,,,,,M61,Chiza Mwinde,no uvigerina
361,U1474,F,5,H,4,W,137,138,18,,38.68,cib,,,,,,Bryan Fefe,
361,U1474,F,5,H,4,W,137,138,18,,38.68,uvi,,,,,,Bryan Fefe,
361,U1474,F,5,H,4,W,137,138,18,,38.68,cib,0.362,0.017,2.84,0.036,M62,Chiza Mwinde,no uvigerina
361,U1474,F,5,H,4,W,137,138,18,,38.68,uvi,,,,,M62,Chiza Mwinde,no uvigerina
361,U1474,F,5,H,4,W,149,150,18,,38.8,cib,0.24,0.035,2.75,0.069,,Bryan Fefe,
361,U1474,F,5,H,4,W,149,150,18,,38.8,uvi,,,,,,Bryan Fefe,
361,U1474,F,5,H,4,W,149,150,18,,38.8,cib,0.173,0.031,2.768,0.025,M63,Chiza Mwinde,
361,U1474,F,5,H,4,W,149,150,18,,38.8,uvi,-1.131,0.03,4.385,0.094,M63,Chiza Mwinde,
361,U1474,F,5,H,4,W,149,150,18,,38.8,cib,0.262,0.031,2.621,0.055,M63,Chiza Mwinde,1st analysis light 18O
361,U1474,F,5,H,5,W,11,12,18,,38.92,cib,-0.14,0.034,3.48,0.048,,Bryan Fefe,
361,U1474,F,5,H,5,W,11,12,18,,38.92,uvi,,,,,,Bryan Fefe,
361,U1474,F,5,H,5,W,11,12,18,,38.92,cib,-0.357,0.04,3.92,0.066,M64,Chiza Mwinde,cib too small
361,U1474,F,5,H,5,W,11,12,18,,38.92,uvi,-1.517,0.018,4.236,0.037,M64,Chiza Mwinde,cib too small
361,U1474,F,5,H,5,W,24,25,18,,39.05,cib,,,,,,Bryan Fefe,
361,U1474,F,5,H,5,W,24,25,18,,39.05,uvi,,,,,,Bryan Fefe,
361,U1474,F,5,H,5,W,24,25,18,,39.05,cib,,,,,M65,Chiza Mwinde,sample missing
361,U1474,F,5,H,5,W,24,25,18,,39.05,uvi,,,,,M65,Chiza Mwinde,sample missing
361,U1474,F,5,H,5,W,36,37,,,39.168,uvi,-0.87,0.021,4.567,0.06,,Cody/Chiza,
361,U1474,F,5,H,5,W,36,37,,,39.168,cib,,,,,,Cody/Chiza,
361,U1474,F,5,H,5,W,36,37,18,,39.17,cib,,,,,,Bryan Fefe,
361,U1474,F,5,H,5,W,36,37,18,,39.17,uvi,-0.863,0.024,4.535,0.064,,Bryan Fefe,
361,U1474,F,5,H,5,W,36,37,18,,39.17,cib,-0.056,0.03,3.893,0.076,M66,Chiza Mwinde,
361,U1474,F,5,H,5,W,36,37,18,,39.17,uvi,-1.08,0.013,4.61,0.033,M66,Chiza Mwinde,
361,U1474,F,5,H,5,W,36,37,18,,39.17,uvi,-1.244,0.014,4.317,0.102,M66,Chiza Mwinde,single specimen
361,U1474,F,5,H,5,W,36,37,18,,39.17,uvi,-0.909,0.033,4.299,0.108,M66,Chiza Mwinde,single specimen
361,U1474,F,5,H,5,W,48,49,18,,39.29,cib,,,,,,Bryan Fefe,
361,U1474,F,5,H,5,W,48,49,18,,39.29,uvi,-1.079,0.021,4.52,0.04,,Bryan Fefe,
361,U1474,F,5,H,5,W,48,49,18,,39.29,cib,0.086,0.025,3.817,0.034,M67,Chiza Mwinde,
361,U1474,F,5,H,5,W,48,49,18,,39.29,uvi,-1.196,0.008,4.433,0.042,M67,Chiza Mwinde,
361,U1474,F,5,H,5,W,48,49,,,39.2904,uvi,-1.027,0.022,4.639,0.084,,Cody/Chiza,
361,U1474,F,5,H,5,W,48,49,,,39.2904,cib,0.762,0.043,4.044,0.08,,Cody/Chiza,
361,U1474,F,5,H,5,W,60,61,18,,39.41,cib,0,0.041,3.65,0.098,,Bryan Fefe,
361,U1474,F,5,H,5,W,60,61,18,,39.41,uvi,-1.046,0.021,4.339,0.032,,Bryan Fefe,
361,U1474,F,5,H,5,W,60,61,18,,39.41,cib,0.116,0.024,3.61,0.069,M68,Chiza Mwinde,
361,U1474,F,5,H,5,W,60,61,18,,39.41,uvi,-0.885,0.017,4.342,0.02,M68,Chiza Mwinde,
361,U1474,F,5,H,5,W,60,61,,,39.4128,cib,,0.052,,0.121,,Cody/Chiza,
361,U1474,F,5,H,5,W,73,74,18,,39.54,cib,,,,,,Bryan Fefe,
361,U1474,F,5,H,5,W,73,74,18,,39.54,uvi,-0.369,0.015,4.168,0.018,,Bryan Fefe,
361,U1474,F,5,H,5,W,73,74,18,,39.54,cib,0.409,0.033,3.388,0.052,M69,Chiza Mwinde,
361,U1474,F,5,H,5,W,73,74,18,,39.54,uvi,-0.568,0.015,4.077,0.041,M69,Chiza Mwinde,
361,U1474,F,5,H,5,W,85,86,18,,39.66,cib,0.307,0.01,3.308,0.034,M70,Chiza Mwinde,
361,U1474,F,5,H,5,W,85,86,18,,39.66,uvi,-0.906,0.02,3.968,0.043,M70,Chiza Mwinde,
361,U1474,F,5,H,5,W,97,98,18,,39.78,cib,0.142,0.012,3.314,0.019,M71,Chiza Mwinde,
361,U1474,F,5,H,5,W,97,98,18,,39.78,uvi,-0.658,0.013,4.083,0.028,M71,Chiza Mwinde,
361,U1474,F,5,H,5,W,109,110,18,,39.9,cib,-0.293,0.017,3.325,0.012,M72,Chiza Mwinde,
361,U1474,F,5,H,5,W,109,110,18,,39.9,uvi,-0.581,0.023,3.845,0.036,M72,Chiza Mwinde,
361,U1474,F,5,H,5,W,121,122,18,,40.02,cib,-0.26,0.018,3.583,0.024,M73,Chiza Mwinde,
361,U1474,F,5,H,5,W,121,122,18,,40.02,uvi,-0.821,0.024,4.029,0.039,M73,Chiza Mwinde,
361,U1474,F,5,H,5,W,134,135,18,,40.15,cib,0.236,0.018,3.564,0.018,M74,Chiza Mwinde,
361,U1474,F,5,H,5,W,134,135,18,,40.15,uvi,-0.733,0.022,4.011,0.049,M74,Chiza Mwinde,
361,U1474,F,5,H,5,W,146,147,18,,40.27,cib,-0.099,0.024,3.597,0.048,M75,Chiza Mwinde,
361,U1474,F,5,H,5,W,146,147,18,,40.27,uvi,-0.639,0.013,4.302,0.027,M75,Chiza Mwinde,
361,U1474,F,5,H,6,W,8,9,18,,40.39,cib,,,,,M76,Chiza Mwinde,sample missing
361,U1474,F,5,H,6,W,8,9,18,,40.39,uvi,,,,,M76,Chiza Mwinde,sample missing
361,U1474,F,5,H,6,W,20,21,18,,40.51,cib,0.201,0.037,3.687,0.047,M77,Chiza Mwinde,
361,U1474,F,5,H,6,W,20,21,18,,40.51,uvi,-1.039,0.015,4.467,0.044,M77,Chiza Mwinde,
361,U1474,F,5,H,6,W,33,34,18,,40.64,cib,-0.027,0.015,3.661,0.034,M78,Chiza Mwinde,
361,U1474,F,5,H,6,W,33,34,18,,40.64,uvi,-0.731,0.014,4.22,0.028,M78,Chiza Mwinde,
361,U1474,F,5,H,6,W,45,46,18,,40.76,cib,-0.88,0.016,3.487,0.022,M79,Chiza Mwinde,
361,U1474,F,5,H,6,W,45,46,18,,40.76,uvi,-0.554,0.012,4.14,0.037,M79,Chiza Mwinde,
361,U1474,F,5,H,6,W,45,46,18,,40.76,cib,0.331,0.017,3.428,0.075,M79,Chiza Mwinde,1st analysis very light in 13C
361,U1474,F,5,H,6,W,57,58,18,,40.88,cib,0.383,0.04,3.439,0.063,M80,Chiza Mwinde,
361,U1474,F,5,H,6,W,57,58,18,,40.88,uvi,-0.334,0.013,3.966,0.042,M80,Chiza Mwinde,
361,U1474,F,5,H,6,W,69,70,18,,41,cib,0.467,0.028,3.39,0.043,M81,Chiza Mwinde,
361,U1474,F,5,H,6,W,69,70,18,,41,uvi,-0.696,0.029,3.894,0.068,M81,Chiza Mwinde,
361,U1474,F,5,H,6,W,82,83,18,,41.13,cib,0.388,0.033,3.261,0.047,M82,Chiza Mwinde,
361,U1474,F,5,H,6,W,82,83,18,,41.13,uvi,-0.636,0.017,3.971,0.031,M82,Chiza Mwinde,
361,U1474,F,5,H,6,W,94,95,18,,41.25,cib,0.842,0.024,2.916,0.051,M83,Chiza Mwinde,
361,U1474,F,5,H,6,W,94,95,18,,41.25,uvi,-0.654,0.021,3.936,0.044,M83,Chiza Mwinde,
361,U1474,F,5,H,6,W,106,107,18,,41.37,cib,-0.17,0.023,3.776,0.026,M84,Chiza Mwinde,
361,U1474,F,5,H,6,W,106,107,18,,41.37,uvi,-0.669,0.017,4.368,0.043,M84,Chiza Mwinde,
361,U1474,F,5,H,6,W,118,119,18,,41.49,cib,0.166,0.008,3.754,0.033,M85,Chiza Mwinde,
361,U1474,F,5,H,6,W,118,119,18,,41.49,uvi,-0.664,0.019,4.299,0.039,M85,Chiza Mwinde,
361,U1474,F,5,H,6,W,131,132,18,,41.62,cib,0.049,0.014,3.761,0.047,M86,Chiza Mwinde,
361,U1474,F,5,H,6,W,131,132,18,,41.62,uvi,-1.018,0.024,4.25,0.023,M86,Chiza Mwinde,
361,U1474,F,5,H,6,W,143,144,18,,41.74,cib,-0.361,0.028,3.677,0.045,M87,Chiza Mwinde,
361,U1474,F,5,H,6,W,143,144,18,,41.74,uvi,-0.614,0.015,4.281,0.039,M87,Chiza Mwinde,
361,U1474,D,6,H,1,W,142,143,18,,41.86,cib,0.383,0.025,3.211,0.039,M88,Chiza Mwinde,
361,U1474,D,6,H,1,W,142,143,18,,41.86,uvi,-0.688,0.019,3.85,0.043,M88,Chiza Mwinde,
361,U1474,D,6,H,2,W,4,5,18,,41.98,cib,-0.037,0.013,3.392,0.031,M89,Chiza Mwinde,
361,U1474,D,6,H,2,W,4,5,18,,41.98,uvi,-0.154,0.018,3.965,0.026,M89,Chiza Mwinde,
361,U1474,D,6,H,2,W,17,18,18,,42.11,cib,0.449,0.037,3.361,0.039,M90,Chiza Mwinde,
361,U1474,D,6,H,2,W,17,18,18,,42.11,uvi,-0.594,0.012,3.987,0.053,M90,Chiza Mwinde,
361,U1474,D,6,H,2,W,29,30,18,,42.23,cib,0.511,0.007,3.071,0.019,M91,Chiza Mwinde,
361,U1474,D,6,H,2,W,29,30,18,,42.23,uvi,-0.116,0.014,3.713,0.031,M91,Chiza Mwinde,
361,U1474,D,6,H,2,W,41,42,18,,42.35,cib,0.376,0.017,3.163,0.035,M92,Chiza Mwinde,
361,U1474,D,6,H,2,W,41,42,18,,42.35,uvi,-0.678,0.013,3.982,0.039,M92,Chiza Mwinde,
361,U1474,D,6,H,2,W,53,54,18,,42.47,cib,0.195,0.018,3.574,0.046,M93,Chiza Mwinde,
361,U1474,D,6,H,2,W,53,54,18,,42.47,uvi,-0.597,0.021,4.073,0.044,M93,Chiza Mwinde,
361,U1474,D,6,H,2,W,53,54,18,,42.47,cib,-0.04,0.013,3.469,0.083,M93,Chiza Mwinde,replicate
361,U1474,D,6,H,2,W,53,54,18,,42.47,uvi,-1.041,0.012,4.384,0.047,M93,Chiza Mwinde,single specimen
361,U1474,D,6,H,2,W,53,54,18,,42.47,uvi,-0.681,0.024,4.493,0.037,M93,Chiza Mwinde,single specimen
361,U1474,D,6,H,2,W,66,67,18,,42.6,cib,-0.257,0.018,3.886,0.05,M94,Chiza Mwinde,
361,U1474,D,6,H,2,W,66,67,18,,42.6,uvi,-0.916,0.018,4.575,0.025,M94,Chiza Mwinde,
361,U1474,D,6,H,2,W,78,79,18,,42.72,cib,0.125,0.02,3.911,0.029,M95,Chiza Mwinde,
361,U1474,D,6,H,2,W,78,79,18,,42.72,uvi,-0.991,0.017,4.576,0.034,M95,Chiza Mwinde,
361,U1474,D,6,H,2,W,90,91,18,,42.84,cib,0.056,0.021,3.837,0.04,M96,Chiza Mwinde,
361,U1474,D,6,H,2,W,90,91,18,,42.84,uvi,-1.218,0.015,4.5,0.036,M96,Chiza Mwinde,
361,U1474,D,6,H,2,W,102,103,18,,42.96,cib,,,,,M97,Chiza Mwinde,sample missing
361,U1474,D,6,H,2,W,102,103,18,,42.96,uvi,,,,,M97,Chiza Mwinde,sample missing
361,U1474,D,6,H,2,W,114,115,18,,43.08,cib,,,,,M98,Chiza Mwinde,sample missing
361,U1474,D,6,H,2,W,114,115,18,,43.08,uvi,,,,,M98,Chiza Mwinde,sample missing
361,U1474,D,6,H,2,W,127,128,18,,43.21,cib,,,,,M99,Chiza Mwinde,sample missing
361,U1474,D,6,H,2,W,127,128,18,,43.21,uvi,,,,,M99,Chiza Mwinde,sample missing
361,U1474,D,6,H,2,W,139,140,18,,43.33,cib,,,,,M100,Chiza Mwinde,sample missing
361,U1474,D,6,H,2,W,139,140,18,,43.33,uvi,,,,,M100,Chiza Mwinde,sample missing
361,U1474,D,6,H,3,W,1,2,18,,43.45,cib,,,,,M101,Chiza Mwinde,sample missing
361,U1474,D,6,H,3,W,1,2,18,,43.45,uvi,,,,,M101,Chiza Mwinde,sample missing
361,U1474,D,6,H,3,W,13,14,18,,43.57,cib,-0.397,0.014,3.684,0.053,M102,Chiza Mwinde,
361,U1474,D,6,H,3,W,13,14,18,,43.57,uvi,-0.973,0.015,4.39,0.037,M102,Chiza Mwinde,
361,U1474,D,6,H,3,W,26,27,18,,43.7,cib,-0.174,0.022,3.618,0.037,M103,Chiza Mwinde,
361,U1474,D,6,H,3,W,26,27,18,,43.7,uvi,-0.876,0.012,4.354,0.032,M103,Chiza Mwinde,
361,U1474,D,6,H,3,W,38,39,18,,43.82,cib,-0.167,0.026,3.633,0.027,M104,Chiza Mwinde,
361,U1474,D,6,H,3,W,38,39,18,,43.82,uvi,-0.693,0.017,4.227,0.029,M104,Chiza Mwinde,
361,U1474,D,6,H,3,W,50,51,18,,43.94,cib,0.299,0.019,3.501,0.03,M105,Chiza Mwinde,
361,U1474,D,6,H,3,W,50,51,18,,43.94,uvi,-0.58,0.023,4.022,0.051,M105,Chiza Mwinde,
361,U1474,D,6,H,3,W,62,63,18,,44.06,cib,0.42,0.016,3.168,0.039,M106,Chiza Mwinde,
361,U1474,D,6,H,3,W,62,63,18,,44.06,uvi,-0.081,0.011,3.568,0.031,M106,Chiza Mwinde,
361,U1474,D,6,H,3,W,75,76,18,,44.19,cib,0.399,0.019,2.864,0.026,M107,Chiza Mwinde,
361,U1474,D,6,H,3,W,75,76,18,,44.19,uvi,-0.152,0.017,3.344,0.046,M107,Chiza Mwinde,
361,U1474,D,6,H,3,W,87,88,18,,44.31,cib,0.608,0.018,2.788,0.032,M108,Chiza Mwinde,
361,U1474,D,6,H,3,W,87,88,18,,44.31,uvi,-0.106,0.008,3.407,0.03,M108,Chiza Mwinde,
361,U1474,D,6,H,3,W,99,100,18,,44.43,cib,0.512,0.018,2.731,0.037,M109,Chiza Mwinde,
361,U1474,D,6,H,3,W,99,100,18,,44.43,uvi,-0.424,0.012,3.409,0.023,M109,Chiza Mwinde,
361,U1474,D,6,H,3,W,111,112,18,,44.55,cib,0.474,0.018,2.776,0.044,M110,Chiza Mwinde,
361,U1474,D,6,H,3,W,111,112,18,,44.55,uvi,-0.336,0.019,3.341,0.027,M110,Chiza Mwinde,
361,U1474,D,6,H,3,W,124,125,18,,44.68,cib,0.59,0.02,3.039,0.026,M111,Chiza Mwinde,
361,U1474,D,6,H,3,W,124,125,18,,44.68,uvi,-0.087,0.01,3.542,0.041,M111,Chiza Mwinde,
361,U1474,D,6,H,3,W,124,125,18,,44.68,cib,0.587,0.029,2.667,0.075,M111,Chiza Mwinde,replicate
361,U1474,D,6,H,3,W,136,137,18,,44.8,cib,0.472,0.023,3.178,0.057,M112,Chiza Mwinde,no uvigerina
361,U1474,D,6,H,3,W,136,137,18,,44.8,uvi,,,,,M112,Chiza Mwinde,no uvigerina
361,U1474,D,6,H,3,W,148,149,18,,44.92,cib,0.548,0.022,3.272,0.034,M113,Chiza Mwinde,
361,U1474,D,6,H,3,W,148,149,18,,44.92,uvi,-0.13,0.016,3.896,0.033,M113,Chiza Mwinde,
361,U1474,D,6,H,4,W,10.32,11.32,18,,45.043,cib,0.432,0.014,3.357,0.033,M114,Chiza Mwinde,
361,U1474,D,6,H,4,W,10.32,11.32,18,,45.043,uvi,,,,,M114,Chiza Mwinde,
361,U1474,D,6,H,4,W,22.56,23.56,18,,45.166,cib,0.479,0.02,3.567,0.035,M115,Chiza Mwinde,
361,U1474,D,6,H,4,W,22.56,23.56,18,,45.166,uvi,-0.562,0.025,4.202,0.045,M115,Chiza Mwinde,
361,U1474,D,6,H,4,W,34.8,35.8,18,,45.288,cib,0.033,0.01,3.595,0.041,M116,Chiza Mwinde,
361,U1474,D,6,H,4,W,34.8,35.8,18,,45.288,uvi,-0.65,0.011,4.226,0.039,M116,Chiza Mwinde,
361,U1474,D,6,H,4,W,47.04,48.04,18,,45.41,cib,-0.12,0.015,3.844,0.038,M117,Chiza Mwinde,
361,U1474,D,6,H,4,W,47.04,48.04,18,,45.41,uvi,-0.755,0.015,4.11,0.047,M117,Chiza Mwinde,
361,U1474,D,6,H,4,W,59.28,60.28,18,,45.533,cib,0.005,0.018,3.643,0.041,M118,Chiza Mwinde,
361,U1474,D,6,H,4,W,59.28,60.28,18,,45.533,uvi,-0.835,0.019,4.253,0.042,M118,Chiza Mwinde,
361,U1474,D,6,H,4,W,71.52,72.52,18,,45.655,cib,0.256,0.03,3.607,0.055,M119,Chiza Mwinde,
361,U1474,D,6,H,4,W,71.52,72.52,18,,45.655,uvi,-0.811,0.015,4.049,0.032,M119,Chiza Mwinde,
361,U1474,D,6,H,4,W,83.76,84.76,18,,45.778,cib,0.375,0.019,3.393,0.039,M120,Chiza Mwinde,
361,U1474,D,6,H,4,W,83.76,84.76,18,,45.778,uvi,-0.273,0.021,3.787,0.04,M120,Chiza Mwinde,
361,U1474,D,6,H,4,W,96,97,18,,45.9,cib,0.476,0.017,3.054,0.026,M121,Chiza Mwinde,
361,U1474,D,6,H,4,W,96,97,18,,45.9,uvi,-0.387,0.011,3.662,0.03,M121,Chiza Mwinde,
361,U1474,D,6,H,4,W,108.24,109.24,18,,46.022,cib,0.367,0.023,3.264,0.048,M122,Chiza Mwinde,no uvi found
361,U1474,D,6,H,4,W,108.24,109.24,18,,46.022,uvi,,,,,M122,Chiza Mwinde,no uvi found
361,U1474,D,6,H,4,W,120.48,121.48,18,,46.145,cib,0.248,0.021,3.276,0.044,M123,Chiza Mwinde,
361,U1474,D,6,H,4,W,120.48,121.48,18,,46.145,uvi,-0.444,0.016,4.211,0.044,M123,Chiza Mwinde,
361,U1474,D,6,H,4,W,132.72,133.72,18,,46.267,cib,-0.171,0.022,3.716,0.057,M124,Chiza Mwinde,
361,U1474,D,6,H,4,W,132.72,133.72,18,,46.267,uvi,-1.163,0.024,4.523,0.034,M124,Chiza Mwinde,
361,U1474,D,6,H,4,W,144.96,145.96,18,,46.39,cib,-0.082,0.012,3.569,0.073,M125,Chiza Mwinde,
361,U1474,D,6,H,4,W,144.96,145.96,18,,46.39,uvi,-1.177,0.017,4.537,0.054,M125,Chiza Mwinde,
361,U1474,D,6,H,5,W,7.2,8.2,18,,46.512,cib,-0.173,0.021,4.004,0.054,M126,Chiza Mwinde,
361,U1474,D,6,H,5,W,7.2,8.2,18,,46.512,uvi,-1.25,0.024,4.705,0.047,M126,Chiza Mwinde,
361,U1474,D,6,H,5,W,19.44,20.44,18,,46.634,cib,-0.182,0.015,3.957,0.039,M127,Chiza Mwinde,
361,U1474,D,6,H,5,W,19.44,20.44,18,,46.634,uvi,-1.282,0.021,4.413,0.033,M127,Chiza Mwinde,
361,U1474,D,6,H,5,W,31.68,32.68,18,,46.757,cib,-0.233,0.017,4.033,0.047,M128,Chiza Mwinde,
361,U1474,D,6,H,5,W,31.68,32.68,18,,46.757,uvi,-1.141,0.013,4.683,0.039,M128,Chiza Mwinde,
361,U1474,D,6,H,5,W,43.92,44.92,18,,46.879,cib,-0.078,0.028,3.831,0.056,M129,Chiza Mwinde,
361,U1474,D,6,H,5,W,43.92,44.92,18,,46.879,uvi,-1.01,0.014,4.506,0.036,M129,Chiza Mwinde,
361,U1474,D,6,H,5,W,56.16,57.16,18,,47.002,cib,0.228,0.021,3.441,0.023,M130,Chiza Mwinde,
361,U1474,D,6,H,5,W,56.16,57.16,18,,47.002,uvi,-0.703,0.004,4.054,0.052,M130,Chiza Mwinde,
361,U1474,D,6,H,5,W,68.4,69.4,18,,47.124,cib,-0.111,0.027,3.519,0.062,M131,Chiza Mwinde,
361,U1474,D,6,H,5,W,68.4,69.4,18,,47.124,uvi,-0.779,0.017,4.008,0.059,M131,Chiza Mwinde,
361,U1474,D,6,H,5,W,80.64,81.64,18,,47.246,cib,0.271,0.015,3.582,0.052,M132,Chiza Mwinde,
361,U1474,D,6,H,5,W,80.64,81.64,18,,47.246,uvi,-0.571,0.015,4.219,0.052,M132,Chiza Mwinde,
361,U1474,D,6,H,5,W,93,94,,,47.3688,uvi,-0.273,0.028,4.009,0.045,,Cody/Chiza,
361,U1474,D,6,H,5,W,93,94,,,47.3688,cib,,0.076,,0.121,,Cody/Chiza,
361,U1474,D,6,H,5,W,92.88,93.88,18,,47.369,cib,-0.144,0.029,3.403,0.056,M133,Chiza Mwinde,
361,U1474,D,6,H,5,W,92.88,93.88,18,,47.369,uvi,-0.416,0.015,3.969,0.049,M133,Chiza Mwinde,
361,U1474,D,6,H,5,W,105.12,106.12,18,,47.491,cib,0.463,0.019,3.318,0.036,M134,Chiza Mwinde,
361,U1474,D,6,H,5,W,105.12,106.12,18,,47.491,uvi,-0.338,0.019,3.836,0.044,M134,Chiza Mwinde,
361,U1474,D,6,H,5,W,117.36,118.36,18,,47.614,cib,0.112,0.021,3.22,0.056,M135,Chiza Mwinde,
361,U1474,D,6,H,5,W,117.36,118.36,18,,47.614,uvi,-0.419,0.019,3.908,0.054,M135,Chiza Mwinde,
361,U1474,D,6,H,5,W,129.6,130.6,18,,47.736,cib,0.649,0.011,3.207,0.035,M136,Chiza Mwinde,
361,U1474,D,6,H,5,W,129.6,130.6,18,,47.736,uvi,0.009,0.028,3.871,0.044,M136,Chiza Mwinde," (vial still wet, pyrite)"
361,U1474,D,6,H,5,W,141.84,142.84,18,,47.858,cib,,,,,M137,Chiza Mwinde,sample missing
361,U1474,D,6,H,5,W,141.84,142.84,18,,47.858,uvi,,,,,M137,Chiza Mwinde,sample missing
361,U1474,D,6,H,6,W,4.08,5.08,18,,47.981,cib,0.752,0.022,2.965,0.06,M138,Chiza Mwinde,no uvi
361,U1474,D,6,H,6,W,4.08,5.08,18,,47.981,uvi,,,,,M138,Chiza Mwinde,no uvi
361,U1474,D,6,H,6,W,16.32,17.32,18,,48.103,cib,0.429,0.019,3.052,0.062,M139,Chiza Mwinde,no uvi
361,U1474,D,6,H,6,W,16.32,17.32,18,,48.103,uvi,,,,,M139,Chiza Mwinde,no uvi
361,U1474,D,6,H,6,W,16,17,,,48.1032,cib,,0.061,,0.081,,Cody/Chiza,
361,U1474,D,6,H,6,W,28.56,29.56,18,,48.226,cib,0.735,0.021,2.97,0.04,M140,Chiza Mwinde,
361,U1474,D,6,H,6,W,28.56,29.56,18,,48.226,uvi,-0.368,0.016,3.692,0.073,M140,Chiza Mwinde,
361,U1474,D,6,H,6,W,40.8,41.8,18,,48.348,cib,0.548,0.017,3.031,0.063,M141,Chiza Mwinde,
361,U1474,D,6,H,6,W,40.8,41.8,18,,48.348,uvi,0.12,0.02,3.474,0.06,M141,Chiza Mwinde,
361,U1474,D,6,H,6,W,53.04,54.04,18,,48.47,cib,0.682,0.027,2.872,0.045,M142,Chiza Mwinde,
361,U1474,D,6,H,6,W,53.04,54.04,18,,48.47,uvi,-0.311,0.028,3.538,0.059,M142,Chiza Mwinde,
361,U1474,D,6,H,6,W,53,54,,,48.4704,cib,1.314,0.042,3.02,0.058,,Cody/Chiza,
361,U1474,D,6,H,6,W,65,66,,,48.5928,cib,1.294,0.036,3.334,0.064,,Cody/Chiza,
361,U1474,D,6,H,6,W,65.28,66.28,18,,48.593,cib,0.748,0.028,3.007,0.049,M143,Chiza Mwinde,
361,U1474,D,6,H,6,W,65.28,66.28,18,,48.593,uvi,-0.16,0.031,3.587,0.045,M143,Chiza Mwinde,
361,U1474,D,6,H,6,W,65.28,66.28,18,,48.593,uvi,-0.114,0.025,3.647,0.046,M143,Chiza Mwinde,replicate
361,U1474,D,6,H,6,W,77.52,78.52,18,,48.715,cib,0.671,0.018,3.153,0.045,M144,Chiza Mwinde,
361,U1474,D,6,H,6,W,77.52,78.52,18,,48.715,uvi,-0.174,0.018,3.674,0.079,M144,Chiza Mwinde,
361,U1474,D,6,H,6,W,90,91,,,48.8376,cib,,0.028,,0.091,,Cody/Chiza,
361,U1474,D,6,H,6,W,89.76,90.76,18,,48.838,cib,0.425,0.017,3.162,0.046,M145,Chiza Mwinde,
361,U1474,D,6,H,6,W,89.76,90.76,18,,48.838,uvi,-0.389,0.016,3.792,0.068,M145,Chiza Mwinde,
361,U1474,A,8,H,5,W,63,64,,,72.5832,uvi,-0.998,0.02,4.338,0.026,,Cody/Chiza,
361,U1474,A,8,H,5,W,63,64,,,72.5832,cib,-0.142,0.029,3.621,0.042,,Cody/Chiza,
361,U1474,A,8,H,5,W,76,77,,,72.7056,uvi,-0.728,0.017,4.22,0.029,,Cody/Chiza,
361,U1474,A,8,H,5,W,76,77,,,72.7056,cib,-0.041,0.013,3.654,0.05,,Cody/Chiza,
361,U1474,A,8,H,5,W,88,89,,,72.828,uvi,-0.748,0.019,4.064,0.027,,Cody/Chiza,
361,U1474,A,8,H,5,W,88,89,,,72.828,cib,0.978,0.042,3.4,0.039,,Cody/Chiza,
361,U1474,A,8,H,5,W,100,101,,,72.9504,uvi,-0.584,0.015,3.96,0.029,,Cody/Chiza,
361,U1474,A,8,H,5,W,100,101,,,72.9504,cib,0.749,0.018,4.419,0.052,,Cody/Chiza,
361,U1474,A,8,H,5,W,112,113,,,73.0728,uvi,-0.335,0.019,3.728,0.037,,Cody/Chiza,
361,U1474,A,8,H,5,W,112,113,,,73.0728,cib,0.179,0.025,3.207,0.034,,Cody/Chiza,
361,U1474,A,8,H,5,W,125,126,,,73.1952,uvi,-0.301,0.015,3.649,0.021,,Cody/Chiza,
361,U1474,A,8,H,5,W,125,126,,,73.1952,cib,1.256,0.023,2.896,0.015,,Cody/Chiza,
361,U1474,A,8,H,5,W,137,138,,,73.3176,uvi,-0.228,0.011,3.917,0.034,,Cody/Chiza,
361,U1474,A,8,H,5,W,137,138,,,73.3176,cib,1.068,0.027,3.286,0.049,,Cody/Chiza,
361,U1474,A,8,H,5,W,149,150,,,73.44,uvi,-0.168,0.024,3.712,0.041,,Cody/Chiza,
361,U1474,A,8,H,5,W,149,150,,,73.44,cib,0.863,0.022,3.092,0.044,,Cody/Chiza,
361,U1474,A,8,H,6,W,11,12,,,73.5624,uvi,-0.359,0.011,3.687,0.024,,Cody/Chiza,
361,U1474,A,8,H,6,W,11,12,,,73.5624,cib,0.73,0.052,3.088,0.08,,Cody/Chiza,
361,U1474,A,8,H,6,W,23,24,,,73.6848,uvi,-0.194,0.018,3.738,0.03,,Cody/Chiza,
361,U1474,A,8,H,6,W,23,24,,,73.6848,cib,1.142,0.041,2.98,0.058,,Cody/Chiza,
361,U1474,A,8,H,6,W,36,37,,,73.8072,uvi,-0.654,0.011,3.597,0.039,,Cody/Chiza,
361,U1474,A,8,H,6,W,36,37,,,73.8072,cib,0.965,0.026,3.012,0.058,,Cody/Chiza,
361,U1474,A,8,H,6,W,48,49,,,73.9296,uvi,-0.601,0.013,4.236,0.049,,Cody/Chiza,
361,U1474,A,8,H,6,W,48,49,,,73.9296,cib,0.74,0.024,3.379,0.035,,Cody/Chiza,
361,U1474,A,8,H,6,W,60,61,,,74.052,uvi,-1.007,0.029,4.321,0.035,,Cody/Chiza,
361,U1474,A,8,H,6,W,60,61,,,74.052,cib,-0.326,0.02,3.765,0.037,,Cody/Chiza,
361,U1474,A,8,H,6,W,72,73,,,74.1744,uvi,-0.675,0.019,4.249,0.039,,Cody/Chiza,
361,U1474,A,8,H,6,W,72,73,,,74.1744,cib,0.34,0.019,3.7,0.05,,Cody/Chiza,
361,U1474,F,9,H,1,W,41,42,,,74.4192,uvi,-0.781,0.024,3.774,0.061,,Cody/Chiza,
361,U1474,F,9,H,1,W,41,42,,,74.4192,cib,0.249,0.023,3.514,0.047,,Cody/Chiza,
361,U1474,F,9,H,1,W,53,54,,,74.5416,uvi,-0.379,0.021,3.796,0.022,,Cody/Chiza,
361,U1474,F,9,H,1,W,53,54,,,74.5416,cib,0.264,0.021,3.256,0.021,,Cody/Chiza,
361,U1474,F,9,H,1,W,65,66,,,74.664,uvi,-0.225,0.015,3.935,0.034,,Cody/Chiza,
361,U1474,F,9,H,1,W,65,66,,,74.664,cib,0.984,0.027,3.37,0.079,,Cody/Chiza,
361,U1474,F,9,H,1,W,78,79,,,74.7864,uvi,-0.073,0.016,3.995,0.032,,Cody/Chiza,
361,U1474,F,9,H,1,W,78,79,,,74.7864,cib,0.835,0.03,3.882,0.045,,Cody/Chiza,
361,U1474,F,9,H,1,W,128,129,,,75.277,uvi,-0.302,0.012,3.689,0.029,,Cody/Chiza,
361,U1474,F,9,H,1,W,128,129,,,75.277,cib,0.912,0.015,3.039,0.046,,Cody/Chiza,
361,U1474,F,9,H,2,W,1,2,,,75.5208,uvi,-1.208,0.025,3.465,0.039,,Cody/Chiza,
361,U1474,F,9,H,2,W,1,2,,,75.5208,cib,1.282,0.037,3.022,0.061,,Cody/Chiza,
361,U1474,F,9,H,2,W,13,14,,,75.6432,cib,1.056,0.024,3.124,0.041,,Cody/Chiza,
361,U1474,F,9,H,2,W,26,27,,,75.7656,uvi,-0.463,0.023,3.89,0.023,,Cody/Chiza,
361,U1474,F,9,H,2,W,26,27,,,75.7656,cib,0.852,0.038,3.432,0.044,,Cody/Chiza,
361,U1474,F,9,H,2,W,38,39,,,75.888,uvi,-0.844,0.027,4.387,0.038,,Cody/Chiza,
361,U1474,F,9,H,2,W,38,39,,,75.888,cib,0.589,0.021,3.701,0.043,,Cody/Chiza,
361,U1474,F,9,H,2,W,50,51,,,76.0104,uvi,-0.684,0.018,4.488,0.032,,Cody/Chiza,
361,U1474,F,9,H,2,W,50,51,,,76.0104,cib,0.775,0.036,3.794,0.056,,Cody/Chiza,
361,U1474,F,9,H,2,W,75,76,,,76.2552,uvi,-0.792,0.023,4.295,0.047,,Cody/Chiza,
361,U1474,F,9,H,2,W,75,76,,,76.2552,cib,0.777,0.017,3.631,0.034,,Cody/Chiza,
361,U1474,F,9,H,2,W,87,88,,,76.3776,cib,0.903,0.034,2.794,0.05,,Cody/Chiza,
361,U1474,F,9,H,2,W,99,100,,,76.5,uvi,0.024,0.026,3.512,0.05,,Cody/Chiza,
361,U1474,F,9,H,2,W,99,100,,,76.5,cib,1.128,0.023,3.219,0.033,,Cody/Chiza,
361,U1474,F,9,H,2,W,136,137,,,76.8672,uvi,-0.64,0.017,4.057,0.025,,Cody/Chiza,
361,U1474,F,9,H,2,W,136,137,,,76.8672,cib,0.386,0.018,3.236,0.026,,Cody/Chiza,
361,U1474,F,9,H,2,W,148,149,,,76.9896,uvi,-0.384,0.019,4.031,0.029,,Cody/Chiza,
361,U1474,F,9,H,2,W,148,149,,,76.9896,cib,1.029,0.021,3.468,0.04,,Cody/Chiza,
361,U1474,F,9,H,3,W,1,2,,,77.01,uvi,-0.366,0.022,3.94,0.036,,Cody/Chiza,
361,U1474,F,9,H,3,W,1,2,,,77.01,cib,0.857,0.027,3.412,0.045,,Cody/Chiza,
361,U1474,F,9,H,3,W,13,14,,,77.13,uvi,-0.478,0.018,3.802,0.061,,Cody/Chiza,
361,U1474,F,9,H,3,W,13,14,,,77.13,cib,0.839,0.023,3.227,0.071,,Cody/Chiza,
361,U1474,F,9,H,3,W,25,26,,,77.26,uvi,-0.324,0.019,3.619,0.032,,Cody/Chiza,
361,U1474,F,9,H,3,W,25,26,,,77.26,cib,0.731,0.027,3.033,0.044,,Cody/Chiza,
361,U1474,F,9,H,3,W,38,39,,,77.39,uvi,-0.34,0.019,3.632,0.027,,Cody/Chiza,
361,U1474,F,9,H,3,W,38,39,,,77.39,cib,1.201,0.025,2.958,0.035,,Cody/Chiza,
361,U1474,F,9,H,3,W,50,51,,,77.51,uvi,-0.971,0.008,4.095,0.033,,Cody/Chiza,
361,U1474,F,9,H,3,W,50,51,,,77.51,cib,0.248,0.028,3.416,0.039,,Cody/Chiza,
361,U1474,F,9,H,3,W,63,64,,,77.64,uvi,-0.495,0.017,3.814,0.038,,Cody/Chiza,
361,U1474,F,9,H,3,W,63,64,,,77.64,cib,-0.323,0.023,3.321,0.032,,Cody/Chiza,
361,U1474,F,9,H,3,W,74,75,,,77.75,uvi,-0.829,0.056,4.318,0.101,,Cody/Chiza,
361,U1474,F,9,H,3,W,74,75,,,77.75,cib,0.781,0.024,3.789,0.031,,Cody/Chiza,
361,U1474,F,9,H,3,W,99,100,,,77.9,cib,0.982,0.027,3.456,0.018,,Cody/Chiza,
361,U1474,F,9,H,3,W,111,112,,,78.02,cib,0.302,0.014,3.354,0.023,,Cody/Chiza,
361,U1474,F,9,H,3,W,120,121,,,78.11,uvi,-0.081,0.014,4.399,0.023,,Cody/Chiza,
361,U1474,F,9,H,3,W,120,121,,,78.11,cib,1.019,0.019,3.366,0.047,,Cody/Chiza,
361,U1474,F,9,H,3,W,135,136,,,78.26,cib,0.326,0.013,3.212,0.034,,Cody/Chiza,
361,U1474,F,9,H,5,W,139,140,,,81.396,cib,,,,,,Cody/Chiza,
361,U1474,F,9,H,6,W,1,2,,,81.5184,cib,,,,,,Cody/Chiza,
361,U1474,F,9,H,6,W,13,14,,,81.6408,cib,,,,,,Cody/Chiza,
361,U1474,F,9,H,6,W,38,39,,,81.8856,cib,,,,,,Cody/Chiza,
361,U1474,F,9,H,6,W,99,100,,,82.4976,cib,,,,,,Cody/Chiza,
361,U1474,F,9,H,6,W,111,112,,,82.62,cib,,,,,,Cody/Chiza,
361,U1474,D,10,H,1,W,84,85,,,82.7424,cib,,,,,,Cody/Chiza,
361,U1474,D,10,H,1,W,96,97,,,82.8648,cib,,,,,,Cody/Chiza,
361,U1474,D,10,H,1,W,109,110,,,82.9872,cib,,,,,,Cody/Chiza,
361,U1474,D,10,H,1,W,121,122,,,83.1096,cib,,,,,,Cody/Chiza,
361,U1474,D,10,H,1,W,133,134,,,83.232,cib,,,,,,Cody/Chiza,
361,U1474,D,10,H,2,W,57,58,,,83.9664,cib,0.972,0.021,2.951,0.033,,Cody/Chiza,
361,U1474,D,10,H,2,W,81,82,,,84.2112,cib,0.962,0.023,2.83,0.038,,Cody/Chiza,
361,U1474,D,10,H,2,W,93,94,,,84.3336,cib,,,,,,Cody/Chiza,
361,U1474,D,10,H,2,W,93,94,,,84.3336,cib,,,,,,Cody/Chiza,
361,U1474,D,10,H,2,W,106,107,,,84.456,cib,0.649,0.057,3.397,0.081,,Cody/Chiza,
361,U1474,D,10,H,2,W,118,119,,,84.5784,uvi,-0.834,0.014,4.291,0.03,,Cody/Chiza,
361,U1474,D,10,H,2,W,118,119,,,84.5784,cib,0.525,0.021,3.797,0.041,,Cody/Chiza,
361,U1474,D,10,H,2,W,130,131,,,84.7008,uvi,-1.161,0.016,4.599,0.047,,Cody/Chiza,
361,U1474,D,10,H,2,W,130,131,,,84.7008,cib,0.167,0.021,3.842,0.056,,Cody/Chiza,
361,U1474,D,10,H,2,W,142,143,,,84.8232,uvi,-1.277,0.018,4.63,0.042,,Cody/Chiza,
361,U1474,D,10,H,2,W,142,143,,,84.8232,cib,0.463,0.016,4.013,0.053,,Cody/Chiza,
361,U1474,D,10,H,3,W,5,6,,,84.9456,uvi,-1.226,0.025,4.503,0.025,,Cody/Chiza,
361,U1474,D,10,H,3,W,5,6,,,84.9456,cib,0.542,0.03,3.739,0.07,,Cody/Chiza,
361,U1474,D,10,H,3,W,17,18,,,85.068,uvi,-1.063,0.02,4.506,0.036,,Cody/Chiza,
361,U1474,D,10,H,3,W,17,18,,,85.068,cib,0.466,0.022,3.961,0.06,,Cody/Chiza,
361,U1474,D,10,H,3,W,29,30,,,85.1904,uvi,-1.092,0.011,4.449,0.03,,Cody/Chiza,
361,U1474,D,10,H,3,W,29,30,,,85.1904,cib,0.46,0.03,3.812,0.045,,Cody/Chiza,
361,U1474,D,10,H,3,W,41,42,,,85.3128,uvi,-0.947,0.011,4.364,0.032,,Cody/Chiza,
361,U1474,D,10,H,3,W,41,42,,,85.3128,cib,0.315,0.016,3.642,0.04,,Cody/Chiza,
361,U1474,D,10,H,3,W,54,55,,,85.4352,uvi,-0.801,0.015,4.461,0.041,,Cody/Chiza,
361,U1474,D,10,H,3,W,54,55,,,85.4352,cib,-0.243,0.011,3.745,0.037,,Cody/Chiza,
361,U1474,D,10,H,3,W,66,67,,,85.5576,uvi,-0.541,0.014,4.318,0.037,,Cody/Chiza,
361,U1474,D,10,H,3,W,66,67,,,85.5576,cib,0.677,0.023,4.129,0.031,,Cody/Chiza,
361,U1474,D,10,H,3,W,78,79,,,85.68,cib,,,,,,Cody/Chiza,
361,U1474,D,10,H,3,W,90,91,,,85.8024,cib,,,,,,Cody/Chiza,
361,U1474,D,10,H,3,W,102,103,,,85.9248,cib,,,,,,Cody/Chiza,
361,U1474,D,10,H,3,W,115,116,,,86.0472,cib,,,,,,Cody/Chiza,
361,U1474,D,10,H,3,W,127,128,,,86.1696,cib,,,,,,Cody/Chiza,