Leg,Site,H,Cor,T,Depth (mbsf),Format,DPI,Image Link,Filename
  1,1.0,*,1.0,M,0.0,PDF   ,300.0,http://deepseadrilling.org/cores/leg001/1.1M.pdf,1.1M.pdf
  1,4.0,*,1.0,R,0.0,PDF   ,300.0,http://deepseadrilling.org/cores/leg001/4.1R.PDF,4.1R.PDF
  1,5.0,*,1.0,R,0.0,PDF   ,300.0,http://deepseadrilling.org/cores/leg001/5.1R.PDF,5.1R.PDF
  1,7.0,*,1.0,R,0.0,PDF   ,300.0,http://deepseadrilling.org/cores/leg001/7.1R.PDF,7.1R.PDF
  3,13.0,*,1.0,R,0.0,PDF   ,300.0,http://deepseadrilling.org/cores/leg003/13.1R.PDF,13.1R.PDF
  3,14.0,*,1.0,R,0.0,PDF   ,300.0,http://deepseadrilling.org/cores/leg003/14.1R.PDF,14.1R.PDF
  3,15.0,*,1.0,R,0.0,PDF   ,300.0,http://deepseadrilling.org/cores/leg003/15.1R.PDF,15.1R.PDF
  3,16.0,*,1.0,R,0.0,PDF   ,300.0,http://deepseadrilling.org/cores/leg003/16.1R.PDF,16.1R.PDF
  3,17.0,*,1.0,R,0.0,PDF   ,300.0,http://deepseadrilling.org/cores/leg003/17.1R.PDF,17.1R.PDF
  3,18.0,*,1.0,R,0.0,PDF   ,300.0,http://deepseadrilling.org/cores/leg003/18.1R.PDF,18.1R.PDF
  3,19.0,*,1.0,R,0.0,PDF   ,300.0,http://deepseadrilling.org/cores/leg003/19.1R.PDF,19.1R.PDF
  3,22.0,*,1.0,R,0.0,PDF   ,300.0,http://deepseadrilling.org/cores/leg003/22.1R.PDF,22.1R.PDF
  4,23.0,*,1.0,R,0.0,PDF   ,300.0,http://deepseadrilling.org/cores/leg004/23.1R.PDF,23.1R.PDF
  4,25.0,*,1.0,R,0.0,PDF   ,300.0,http://deepseadrilling.org/cores/leg004/25.1R.PDF,25.1R.PDF
  4,29.0,*,1.0,R,0.0,PDF   ,300.0,http://deepseadrilling.org/cores/leg004/29.1R.PDF,29.1R.PDF
  4,31.0,*,1.0,R,0.0,PDF   ,300.0,http://deepseadrilling.org/cores/leg004/31.1R.PDF,31.1R.PDF
  5,32.0,*,1.0,R,0.0,PDF   ,300.0,http://deepseadrilling.org/cores/leg005/32.1R.PDF,32.1R.PDF
  5,33.0,*,1.0,R,0.0,PDF   ,300.0,http://deepseadrilling.org/cores/leg005/33.1R.PDF,33.1R.PDF
  5,35.0,*,1.0,R,0.0,PDF   ,300.0,http://deepseadrilling.org/cores/leg005/35.1R.PDF,35.1R.PDF
  5,36.0,*,1.0,R,0.0,PDF   ,300.0,http://deepseadrilling.org/cores/leg005/36.1R.PDF,36.1R.PDF
  5,37.0,*,1.0,R,0.0,PDF   ,300.0,http://deepseadrilling.org/cores/leg005/37.1R.PDF,37.1R.PDF
  5,38.0,*,1.0,R,0.0,PDF   ,300.0,http://deepseadrilling.org/cores/leg005/38.1R.PDF,38.1R.PDF
  5,39.0,*,1.0,R,0.0,PDF   ,300.0,http://deepseadrilling.org/cores/leg005/39.1R.PDF,39.1R.PDF
  5,40.0,*,1.0,R,0.0,PDF   ,300.0,http://deepseadrilling.org/cores/leg005/40.1R.PDF,40.1R.PDF
  5,41.0,*,1.0,R,0.0,PDF   ,300.0,http://deepseadrilling.org/cores/leg005/41.1R.PDF,41.1R.PDF
  5,42.0,*,1.0,R,0.0,PDF   ,300.0,http://deepseadrilling.org/cores/leg005/42.1R.PDF,42.1R.PDF
  5,43.0,*,1.0,R,0.0,PDF   ,300.0,http://deepseadrilling.org/cores/leg005/43.1R.PDF,43.1R.PDF
  6,46.0,*,1.0,R,0.0,PDF   ,300.0,http://deepseadrilling.org/cores/leg006/46.1R.PDF,46.1R.PDF
  6,47.0,*,1.0,R,0.0,PDF   ,300.0,http://deepseadrilling.org/cores/leg006/47.1R.PDF,47.1R.PDF
  6,49.0,*,1.0,R,0.0,PDF   ,300.0,http://deepseadrilling.org/cores/leg006/49.1R.PDF,49.1R.PDF
  6,52.0,*,1.0,R,0.0,PDF   ,300.0,http://deepseadrilling.org/cores/leg006/52.1R.PDF,52.1R.PDF
  6,53.0,A,1.0,R,0.0,PDF   ,300.0,http://deepseadrilling.org/cores/leg006/53A1R.PDF,53A1R.PDF
  6,55.0,*,1.0,R,0.0,PDF   ,300.0,http://deepseadrilling.org/cores/leg006/55.1R.PDF,55.1R.PDF
  7,63.0,*,1.0,R,0.0,PDF   ,300.0,http://deepseadrilling.org/cores/leg007/63.1R.PDF,63.1R.PDF
  7,64.0,*,1.0,R,0.0,PDF   ,300.0,http://deepseadrilling.org/cores/leg007/64.1R.PDF,64.1R.PDF
  7,67.0,*,1.0,R,0.0,PDF   ,300.0,http://deepseadrilling.org/cores/leg007/67.1R.PDF,67.1R.PDF
  8,68.0,*,1.0,R,0.0,PDF   ,300.0,http://deepseadrilling.org/cores/leg008/68.1R.PDF,68.1R.PDF
  8,70.0,*,1.0,R,0.0,PDF   ,300.0,http://deepseadrilling.org/cores/leg008/70.1R.PDF,70.1R.PDF
  8,71.0,*,1.0,R,0.0,PDF   ,300.0,http://deepseadrilling.org/cores/leg008/71.1R.PDF,71.1R.PDF
  8,72.0,*,1.0,R,0.0,PDF   ,300.0,http://deepseadrilling.org/cores/leg008/72.1R.PDF,72.1R.PDF
  8,73.0,*,1.0,R,0.0,PDF   ,300.0,http://deepseadrilling.org/cores/leg008/73.1R.PDF,73.1R.PDF
  8,74.0,*,1.0,R,0.0,PDF   ,300.0,http://deepseadrilling.org/cores/leg008/74.1R.PDF,74.1R.PDF
  8,75.0,*,1.0,R,0.0,PDF   ,300.0,http://deepseadrilling.org/cores/leg008/75.1R.PDF,75.1R.PDF
  9,76.0,*,1.0,R,0.0,PDF   ,300.0,http://deepseadrilling.org/cores/leg009/76.1R.PDF,76.1R.PDF
  9,77.0,*,1.0,R,0.0,PDF   ,300.0,http://deepseadrilling.org/cores/leg009/77.1R.PDF,77.1R.PDF
  9,77.0,A,1.0,R,0.0,PDF   ,300.0,http://deepseadrilling.org/cores/leg009/77A1R.PDF,77A1R.PDF
  9,78.0,*,1.0,R,0.0,PDF   ,300.0,http://deepseadrilling.org/cores/leg009/78.1R.PDF,78.1R.PDF
  9,80.0,*,1.0,R,0.0,PDF   ,300.0,http://deepseadrilling.org/cores/leg009/80.1R.pdf,80.1R.pdf
  9,81.0,*,1.0,R,0.0,PDF   ,300.0,http://deepseadrilling.org/cores/leg009/81.1R.pdf,81.1R.pdf
  9,82.0,*,1.0,R,0.0,PDF   ,300.0,http://deepseadrilling.org/cores/leg009/82.1R.pdf,82.1R.pdf
  9,84.0,*,1.0,R,0.0,PDF   ,300.0,http://deepseadrilling.org/cores/leg009/84.1R.pdf,84.1R.pdf
 10,88.0,*,1.0,R,0.0,PDF   ,300.0,http://deepseadrilling.org/cores/leg010/88.1R.PDF,88.1R.PDF
 10,89.0,*,1.0,R,0.0,PDF   ,300.0,http://deepseadrilling.org/cores/leg010/89.1R.PDF,89.1R.PDF
 10,90.0,*,1.0,R,0.0,PDF   ,300.0,http://deepseadrilling.org/cores/leg010/90.1R.PDF,90.1R.PDF
 10,92.0,*,1.0,R,0.0,PDF   ,300.0,http://deepseadrilling.org/cores/leg010/92.1R.PDF,92.1R.PDF
 10,94.0,*,1.0,R,0.0,PDF   ,300.0,http://deepseadrilling.org/cores/leg010/94.1R.PDF,94.1R.PDF
 10,95.0,*,1.0,R,0.0,PDF   ,300.0,http://deepseadrilling.org/cores/leg010/95.1R.PDF,95.1R.PDF
 10,97.0,*,1.0,R,0.0,PDF   ,300.0,http://deepseadrilling.org/cores/leg010/97.1R.PDF,97.1R.PDF
 11,102.0,*,1.0,R,0.0,PDF   ,300.0,http://deepseadrilling.org/cores/leg011/102.1R.PDF,102.1R.PDF
 11,103.0,*,1.0,R,0.0,PDF   ,300.0,http://deepseadrilling.org/cores/leg011/103.1R.PDF,103.1R.PDF
 11,104.0,*,1.0,R,0.0,PDF   ,300.0,http://deepseadrilling.org/cores/leg011/104.1R.PDF,104.1R.PDF
 11,106.0,*,1.0,R,0.0,PDF   ,300.0,http://deepseadrilling.org/cores/leg011/106.1R.PDF,106.1R.PDF
 12,111.0,*,1.0,R,0.0,PDF   ,300.0,http://deepseadrilling.org/cores/leg012/111.1R.PDF,111.1R.PDF
 12,116.0,A,1.0,R,0.0,PDF   ,300.0,http://deepseadrilling.org/cores/leg012/116A1R.PDF,116A1R.PDF
 13,125.0,*,1.0,R,0.0,PDF   ,300.0,http://deepseadrilling.org/cores/leg013/125.1R.PDF,125.1R.PDF
 13,127.0,A,1.0,R,0.0,PDF   ,300.0,http://deepseadrilling.org/cores/leg013/127A1R.PDF,127A1R.PDF
 13,130.0,A,1.0,R,0.0,PDF   ,300.0,http://deepseadrilling.org/cores/leg013/130A1R.PDF,130A1R.PDF
 13,132.0,*,1.0,R,0.0,PDF   ,300.0,http://deepseadrilling.org/cores/leg013/132.1R.PDF,132.1R.PDF
 14,135.0,*,1.0,R,0.0,PDF   ,300.0,http://deepseadrilling.org/cores/leg014/135.1R.PDF,135.1R.PDF
 14,144.0,B,1.0,R,0.0,PDF   ,300.0,http://deepseadrilling.org/cores/leg014/144B1R.PDF,144B1R.PDF
 15,147.0,A,1.0,R,0.0,PDF   ,300.0,http://deepseadrilling.org/cores/leg015/147A1R.PDF,147A1R.PDF
 15,148.0,*,1.0,R,0.0,PDF   ,300.0,http://deepseadrilling.org/cores/leg015/148.1R.PDF,148.1R.PDF
 16,156.0,*,1.0,R,0.0,PDF   ,300.0,http://deepseadrilling.org/cores/leg016/156.1R.PDF,156.1R.PDF
 16,157.0,A,1.0,R,0.0,PDF   ,300.0,http://deepseadrilling.org/cores/leg016/157A1R.PDF,157A1R.PDF
 16,158.0,*,1.0,R,0.0,PDF   ,300.0,http://deepseadrilling.org/cores/leg016/158.1R.PDF,158.1R.PDF
 16,159.0,*,1.0,R,0.0,PDF   ,300.0,http://deepseadrilling.org/cores/leg016/159.1R.PDF,159.1R.PDF
 16,160.0,*,1.0,R,0.0,PDF   ,300.0,http://deepseadrilling.org/cores/leg016/160.1R.PDF,160.1R.PDF
 16,161.0,*,1.0,R,0.0,PDF   ,300.0,http://deepseadrilling.org/cores/leg016/161.1R.PDF,161.1R.PDF
 16,162.0,*,1.0,R,0.0,PDF   ,300.0,http://deepseadrilling.org/cores/leg016/162.1R.PDF,162.1R.PDF
 17,165.0,*,1.0,R,0.0,PDF   ,300.0,http://deepseadrilling.org/cores/leg017/165.1R.PDF,165.1R.PDF
 17,166.0,A,1.0,R,0.0,PDF   ,300.0,http://deepseadrilling.org/cores/leg017/166A1R.PDF,166A1R.PDF
 17,167.0,*,1.0,R,0.0,PDF   ,300.0,http://deepseadrilling.org/cores/leg017/167.1R.PDF,167.1R.PDF
 18,172.0,*,1.0,R,0.0,PDF   ,300.0,http://deepseadrilling.org/cores/leg018/172.1R.PDF,172.1R.PDF
 18,173.0,*,1.0,R,0.0,PDF   ,300.0,http://deepseadrilling.org/cores/leg018/173.1R.PDF,173.1R.PDF
 18,174.0,*,1.0,R,0.0,PDF   ,300.0,http://deepseadrilling.org/cores/leg018/174.1R.PDF,174.1R.PDF
 18,176.0,*,1.0,R,0.0,PDF   ,300.0,http://deepseadrilling.org/cores/leg018/176.1R.PDF,176.1R.PDF
 18,177.0,*,1.0,R,0.0,PDF   ,300.0,http://deepseadrilling.org/cores/leg018/177.1R.PDF,177.1R.PDF
 18,178.0,*,1.0,R,0.0,PDF   ,300.0,http://deepseadrilling.org/cores/leg018/178.1R.PDF,178.1R.PDF
 18,179.0,*,1.0,R,0.0,PDF   ,300.0,http://deepseadrilling.org/cores/leg018/179.1R.PDF,179.1R.PDF
 18,180.0,*,1.0,R,0.0,PDF   ,300.0,http://deepseadrilling.org/cores/leg018/180.1R.PDF,180.1R.PDF
 18,181.0,*,1.0,R,0.0,PDF   ,300.0,http://deepseadrilling.org/cores/leg018/181.1R.PDF,181.1R.PDF
 18,182.0,*,1.0,R,0.0,PDF   ,300.0,http://deepseadrilling.org/cores/leg018/182.1R.PDF,182.1R.PDF
 19,183.0,*,1.0,R,0.0,PDF   ,300.0,http://deepseadrilling.org/cores/leg019/183.1R.PDF,183.1R.PDF
 19,184.0,*,1.0,R,0.0,PDF   ,300.0,http://deepseadrilling.org/cores/leg019/184.1R.PDF,184.1R.PDF
 19,185.0,*,1.0,R,0.0,PDF   ,300.0,http://deepseadrilling.org/cores/leg019/185.1R.PDF,185.1R.PDF
 19,186.0,*,1.0,R,0.0,PDF   ,300.0,http://deepseadrilling.org/cores/leg019/186.1R.PDF,186.1R.PDF
 19,188.0,*,1.0,R,0.0,PDF   ,300.0,http://deepseadrilling.org/cores/leg019/188.1R.PDF,188.1R.PDF
 19,189.0,*,1.0,R,0.0,PDF   ,300.0,http://deepseadrilling.org/cores/leg019/189.1R.PDF,189.1R.PDF
 19,190.0,*,1.0,R,0.0,PDF   ,300.0,http://deepseadrilling.org/cores/leg019/190.1R.PDF,190.1R.PDF
 19,191.0,B,1.0,R,0.0,PDF   ,300.0,http://deepseadrilling.org/cores/leg019/191B1R.pdf,191B1R.pdf
 19,192.0,*,1.0,R,0.0,PDF   ,300.0,http://deepseadrilling.org/cores/leg019/192.1R.PDF,192.1R.PDF
 20,200.0,*,1.0,R,0.0,PDF   ,300.0,http://deepseadrilling.org/cores/leg020/200.1R.PDF,200.1R.PDF
 21,203.0,*,1.0,R,0.0,PDF   ,300.0,http://deepseadrilling.org/cores/leg021/203.1R.PDF,203.1R.PDF
 21,204.0,*,1.0,R,0.0,PDF   ,300.0,http://deepseadrilling.org/cores/leg021/204.1R.PDF,204.1R.PDF
 21,206.0,*,1.0,R,0.0,PDF   ,300.0,http://deepseadrilling.org/cores/leg021/206.1R.PDF,206.1R.PDF
 21,207.0,*,1.0,R,0.0,PDF   ,300.0,http://deepseadrilling.org/cores/leg021/207.1R.PDF,207.1R.PDF
 21,208.0,*,1.0,R,0.0,PDF   ,300.0,http://deepseadrilling.org/cores/leg021/208.1R.PDF,208.1R.PDF
 21,209.0,*,1.0,R,0.0,PDF   ,300.0,http://deepseadrilling.org/cores/leg021/209.1R.PDF,209.1R.PDF
 21,209.0,A,1.0,R,0.0,PDF   ,300.0,http://deepseadrilling.org/cores/leg021/209A1R.PDF,209A1R.PDF
 21,210.0,*,1.0,R,0.0,PDF   ,300.0,http://deepseadrilling.org/cores/leg021/210.1R.PDF,210.1R.PDF
 22,211.0,*,1.0,R,0.0,PDF   ,300.0,http://deepseadrilling.org/cores/leg022/211.1R.PDF,211.1R.PDF
 22,212.0,*,1.0,R,0.0,PDF   ,300.0,http://deepseadrilling.org/cores/leg022/212.1R.PDF,212.1R.PDF
 22,213.0,*,1.0,R,0.0,PDF   ,300.0,http://deepseadrilling.org/cores/leg022/213.1R.PDF,213.1R.PDF
 22,214.0,*,1.0,R,0.0,PDF   ,300.0,http://deepseadrilling.org/cores/leg022/214.1R.PDF,214.1R.PDF
 22,215.0,*,1.0,R,0.0,PDF   ,300.0,http://deepseadrilling.org/cores/leg022/215.1R.PDF,215.1R.PDF
 22,216.0,*,1.0,R,0.0,PDF   ,300.0,http://deepseadrilling.org/cores/leg022/216.1R.PDF,216.1R.PDF
 22,217.0,*,1.0,R,0.0,PDF   ,300.0,http://deepseadrilling.org/cores/leg022/217.1R.PDF,217.1R.PDF
 22,217.0,A,1.0,R,0.0,PDF   ,300.0,http://deepseadrilling.org/cores/leg022/217A1R.PDF,217A1R.PDF
 22,218.0,*,1.0,R,0.0,PDF   ,300.0,http://deepseadrilling.org/cores/leg022/218.1R.PDF,218.1R.PDF
 23,219.0,*,1.0,R,0.0,PDF   ,300.0,http://deepseadrilling.org/cores/leg023/219.1R.PDF,219.1R.PDF
 23,219.0,A,1.0,R,0.0,PDF   ,300.0,http://deepseadrilling.org/cores/leg023/219A1R.PDF,219A1R.PDF
 23,220.0,*,1.0,R,0.0,PDF   ,300.0,http://deepseadrilling.org/cores/leg023/220.1R.PDF,220.1R.PDF
 23,222.0,*,1.0,R,0.0,PDF   ,300.0,http://deepseadrilling.org/cores/leg023/222.1R.PDF,222.1R.PDF
 23,223.0,*,1.0,R,0.0,PDF   ,300.0,http://deepseadrilling.org/cores/leg023/223.1R.PDF,223.1R.PDF
 23,225.0,*,1.0,R,0.0,PDF   ,300.0,http://deepseadrilling.org/cores/leg023/225.1R.PDF,225.1R.PDF
 23,227.0,*,1.0,R,0.0,PDF   ,300.0,http://deepseadrilling.org/cores/leg023/227.1R.PDF,227.1R.PDF
 23,228.0,*,1.0,R,0.0,PDF   ,300.0,http://deepseadrilling.org/cores/leg023/228.1R.PDF,228.1R.PDF
 23,229.0,*,1.0,R,0.0,PDF   ,300.0,http://deepseadrilling.org/cores/leg023/229.1R.PDF,229.1R.PDF
 23,230.0,*,1.0,R,0.0,PDF   ,300.0,http://deepseadrilling.org/cores/leg023/230.1R.PDF,230.1R.PDF
 24,231.0,*,1.0,R,0.0,PDF   ,300.0,http://deepseadrilling.org/cores/leg024/231.1R.PDF,231.1R.PDF
 24,232.0,*,1.0,R,0.0,PDF   ,300.0,http://deepseadrilling.org/cores/leg024/232.1R.PDF,232.1R.PDF
 24,233.0,*,1.0,R,0.0,PDF   ,300.0,http://deepseadrilling.org/cores/leg024/233.1R.PDF,233.1R.PDF
 24,234.0,*,1.0,R,0.0,PDF   ,300.0,http://deepseadrilling.org/cores/leg024/234.1R.PDF,234.1R.PDF
 24,235.0,*,1.0,R,0.0,PDF   ,300.0,http://deepseadrilling.org/cores/leg024/235.1R.PDF,235.1R.PDF
 24,236.0,*,1.0,R,0.0,PDF   ,300.0,http://deepseadrilling.org/cores/leg024/236.1R.PDF,236.1R.PDF
 24,237.0,*,1.0,R,0.0,PDF   ,300.0,http://deepseadrilling.org/cores/leg024/237.1R.PDF,237.1R.PDF
 24,238.0,*,1.0,R,0.0,PDF   ,300.0,http://deepseadrilling.org/cores/leg024/238.1R.PDF,238.1R.PDF
 25,239.0,*,1.0,R,0.0,PDF   ,300.0,http://deepseadrilling.org/cores/leg025/239.1R.PDF,239.1R.PDF
 25,240.0,*,1.0,R,0.0,PDF   ,300.0,http://deepseadrilling.org/cores/leg025/240.1R.PDF,240.1R.PDF
 25,241.0,*,1.0,R,0.0,PDF   ,300.0,http://deepseadrilling.org/cores/leg025/241.1R.PDF,241.1R.PDF
 25,242.0,*,1.0,R,0.0,PDF   ,300.0,http://deepseadrilling.org/cores/leg025/242.1R.PDF,242.1R.PDF
 25,249.0,*,1.0,R,0.0,PDF   ,300.0,http://deepseadrilling.org/cores/leg025/249.1R.PDF,249.1R.PDF
 26,250.0,*,1.0,R,0.0,PDF   ,300.0,http://deepseadrilling.org/cores/leg026/250.1R.PDF,250.1R.PDF
 26,251.0,*,1.0,R,0.0,PDF   ,300.0,http://deepseadrilling.org/cores/leg026/251.1R.pdf,251.1R.pdf
 26,252.0,*,2.0,R,0.0,PDF   ,300.0,http://deepseadrilling.org/cores/leg026/252.2R.PDF,252.2R.PDF
 26,253.0,*,1.0,R,0.0,PDF   ,300.0,http://deepseadrilling.org/cores/leg026/253.1R.PDF,253.1R.PDF
 26,254.0,*,1.0,R,0.0,PDF   ,300.0,http://deepseadrilling.org/cores/leg026/254.1R.PDF,254.1R.PDF
 26,256.0,*,1.0,R,0.0,PDF   ,300.0,http://deepseadrilling.org/cores/leg026/256.1R.PDF,256.1R.PDF
 26,257.0,*,1.0,R,0.0,PDF   ,300.0,http://deepseadrilling.org/cores/leg026/257.1R.PDF,257.1R.PDF
 26,258.0,*,1.0,R,0.0,PDF   ,300.0,http://deepseadrilling.org/cores/leg026/258.1R.PDF,258.1R.PDF
 26,258.0,A,1.0,R,0.0,PDF   ,300.0,http://deepseadrilling.org/cores/leg026/258A1R.PDF,258A1R.PDF
 27,259.0,*,1.0,R,0.0,PDF   ,300.0,http://deepseadrilling.org/cores/leg027/259.1R.PDF,259.1R.PDF
 27,260.0,*,1.0,R,0.0,PDF   ,300.0,http://deepseadrilling.org/cores/leg027/260.1R.PDF,260.1R.PDF
 27,262.0,*,1.0,R,0.0,PDF   ,300.0,http://deepseadrilling.org/cores/leg027/262.1R.PDF,262.1R.PDF
 27,263.0,*,1.0,R,0.0,PDF   ,300.0,http://deepseadrilling.org/cores/leg027/263.1R.PDF,263.1R.PDF
 28,264.0,*,1.0,R,0.0,PDF   ,300.0,http://deepseadrilling.org/cores/leg028/264.1R.PDF,264.1R.PDF
 28,265.0,*,1.0,R,0.0,PDF   ,300.0,http://deepseadrilling.org/cores/leg028/265.1R.PDF,265.1R.PDF
 28,266.0,*,1.0,R,0.0,PDF   ,300.0,http://deepseadrilling.org/cores/leg028/266.1R.PDF,266.1R.PDF
 28,267.0,*,1.0,R,0.0,PDF   ,300.0,http://deepseadrilling.org/cores/leg028/267.1R.PDF,267.1R.PDF
 28,268.0,*,1.0,R,0.0,PDF   ,300.0,http://deepseadrilling.org/cores/leg028/268.1R.PDF,268.1R.PDF
 28,269.0,*,1.0,R,0.0,PDF   ,300.0,http://deepseadrilling.org/cores/leg028/269.1R.PDF,269.1R.PDF
 28,270.0,*,1.0,R,0.0,PDF   ,300.0,http://deepseadrilling.org/cores/leg028/270.1R.PDF,270.1R.PDF
 28,273.0,*,1.0,R,0.0,PDF   ,300.0,http://deepseadrilling.org/cores/leg028/273.1R.PDF,273.1R.PDF
 28,274.0,*,1.0,R,0.0,PDF   ,300.0,http://deepseadrilling.org/cores/leg028/274.1R.PDF,274.1R.PDF
 29,277.0,*,1.0,R,0.0,PDF   ,300.0,http://deepseadrilling.org/cores/leg029/277.1R.PDF,277.1R.PDF
 29,278.0,*,1.0,R,0.0,PDF   ,300.0,http://deepseadrilling.org/cores/leg029/278.1R.PDF,278.1R.PDF
 29,280.0,*,1.0,R,0.0,PDF   ,300.0,http://deepseadrilling.org/cores/leg029/280.1R.PDF,280.1R.PDF
 29,281.0,A,1.0,R,0.0,PDF   ,300.0,http://deepseadrilling.org/cores/leg029/281A1R.PDF,281A1R.PDF
 29,282.0,*,1.0,R,0.0,PDF   ,300.0,http://deepseadrilling.org/cores/leg029/282.1R.PDF,282.1R.PDF
 29,283.0,A,1.0,R,0.0,PDF   ,300.0,http://deepseadrilling.org/cores/leg029/283A1R.PDF,283A1R.PDF
 29,284.0,*,1.0,R,0.0,PDF   ,300.0,http://deepseadrilling.org/cores/leg029/284.1R.PDF,284.1R.PDF
 30,285.0,*,1.0,R,0.0,PDF   ,300.0,http://deepseadrilling.org/cores/leg030/285.1R.PDF,285.1R.PDF
 30,286.0,*,1.0,R,0.0,PDF   ,300.0,http://deepseadrilling.org/cores/leg030/286.1R.PDF,286.1R.PDF
 30,287.0,*,1.0,R,0.0,PDF   ,300.0,http://deepseadrilling.org/cores/leg030/287.1R.PDF,287.1R.PDF
 30,288.0,*,1.0,R,0.0,PDF   ,300.0,http://deepseadrilling.org/cores/leg030/288.1R.PDF,288.1R.PDF
 30,289.0,*,1.0,R,0.0,PDF   ,300.0,http://deepseadrilling.org/cores/leg030/289.1R.PDF,289.1R.PDF
 31,291.0,*,1.0,R,0.0,PDF   ,300.0,http://deepseadrilling.org/cores/leg031/291.1R.PDF,291.1R.PDF
 31,292.0,*,1.0,R,0.0,PDF   ,300.0,http://deepseadrilling.org/cores/leg031/292.1R.PDF,292.1R.PDF
 31,294.0,*,1.0,R,0.0,PDF   ,300.0,http://deepseadrilling.org/cores/leg031/294.1R.PDF,294.1R.PDF
 31,296.0,*,1.0,R,0.0,PDF   ,300.0,http://deepseadrilling.org/cores/leg031/296.1R.PDF,296.1R.PDF
 31,299.0,*,1.0,R,0.0,PDF   ,300.0,http://deepseadrilling.org/cores/leg031/299.1R.PDF,299.1R.PDF
 32,303.0,*,1.0,R,0.0,PDF   ,300.0,http://deepseadrilling.org/cores/leg032/303.1R.PDF,303.1R.PDF
 32,305.0,*,1.0,R,0.0,PDF   ,300.0,http://deepseadrilling.org/cores/leg032/305.1R.PDF,305.1R.PDF
 32,306.0,*,1.0,R,0.0,PDF   ,300.0,http://deepseadrilling.org/cores/leg032/306.1R.PDF,306.1R.PDF
 32,307.0,*,1.0,R,0.0,PDF   ,300.0,http://deepseadrilling.org/cores/leg032/307.1R.PDF,307.1R.PDF
 32,308.0,*,1.0,R,0.0,PDF   ,300.0,http://deepseadrilling.org/cores/leg032/308.1R.PDF,308.1R.PDF
 32,310.0,*,1.0,R,0.0,PDF   ,300.0,http://deepseadrilling.org/cores/leg032/310.1R.PDF,310.1R.PDF
 32,311.0,*,1.0,R,0.0,PDF   ,300.0,http://deepseadrilling.org/cores/leg032/311.1R.PDF,311.1R.PDF
 32,313.0,*,1.0,R,0.0,PDF   ,300.0,http://deepseadrilling.org/cores/leg032/313.1R.PDF,313.1R.PDF
 33,315.0,*,1.0,R,0.0,PDF   ,300.0,http://deepseadrilling.org/cores/leg033/315.1R.PDF,315.1R.PDF
 33,316.0,*,1.0,R,0.0,PDF   ,300.0,http://deepseadrilling.org/cores/leg033/316.1R.PDF,316.1R.PDF
 33,317.0,*,1.0,R,0.0,PDF   ,300.0,http://deepseadrilling.org/cores/leg033/317.1R.PDF,317.1R.PDF
 33,317.0,B,1.0,R,0.0,PDF   ,300.0,http://deepseadrilling.org/cores/leg033/317B1R.pdf,317B1R.pdf
 33,318.0,*,1.0,R,0.0,PDF   ,300.0,http://deepseadrilling.org/cores/leg033/318.1R.pdf,318.1R.pdf
 34,319.0,*,1.0,R,0.0,PDF   ,300.0,http://deepseadrilling.org/cores/leg034/319.1R.PDF,319.1R.PDF
 34,320.0,A,1.0,R,0.0,PDF   ,300.0,http://deepseadrilling.org/cores/leg034/320A1R.PDF,320A1R.PDF
 34,321.0,*,1.0,R,0.0,PDF   ,300.0,http://deepseadrilling.org/cores/leg034/321.1R.PDF,321.1R.PDF
 36,327.0,*,1.0,R,0.0,PDF   ,300.0,http://deepseadrilling.org/cores/leg036/327.1R.PDF,327.1R.PDF
 36,328.0,*,1.0,R,0.0,PDF   ,300.0,http://deepseadrilling.org/cores/leg036/328.1R.pdf,328.1R.pdf
 36,328.0,A,1.0,R,0.0,PDF   ,300.0,http://deepseadrilling.org/cores/leg036/328A1R.PDF,328A1R.PDF
 36,329.0,*,1.0,R,0.0,PDF   ,300.0,http://deepseadrilling.org/cores/leg036/329.1R.PDF,329.1R.PDF
 37,332.0,*,1.0,R,0.0,PDF   ,300.0,http://deepseadrilling.org/cores/leg037/332.1R.PDF,332.1R.PDF
 37,333.0,*,1.0,R,0.0,PDF   ,300.0,http://deepseadrilling.org/cores/leg037/333.1R.PDF,333.1R.PDF
 37,334.0,*,1.0,R,0.0,PDF   ,300.0,http://deepseadrilling.org/cores/leg037/334.1R.PDF,334.1R.PDF
 38,336.0,*,1.0,R,0.0,PDF   ,300.0,http://deepseadrilling.org/cores/leg038/336.1R.PDF,336.1R.PDF
 38,337.0,*,1.0,R,0.0,PDF   ,300.0,http://deepseadrilling.org/cores/leg038/337.1R.PDF,337.1R.PDF
 38,338.0,*,1.0,R,0.0,PDF   ,300.0,http://deepseadrilling.org/cores/leg038/338.1R.PDF,338.1R.PDF
 38,339.0,*,1.0,R,0.0,PDF   ,300.0,http://deepseadrilling.org/cores/leg038/339.1R.PDF,339.1R.PDF
 38,340.0,*,1.0,R,0.0,PDF   ,300.0,http://deepseadrilling.org/cores/leg038/340.1R.PDF,340.1R.PDF
 38,341.0,*,1.0,R,0.0,PDF   ,300.0,http://deepseadrilling.org/cores/leg038/341.1R.PDF,341.1R.PDF
 38,342.0,*,1.0,R,0.0,PDF   ,300.0,http://deepseadrilling.org/cores/leg038/342.1R.PDF,342.1R.PDF
 38,343.0,*,1.0,R,0.0,PDF   ,300.0,http://deepseadrilling.org/cores/leg038/343.1R.PDF,343.1R.PDF
 38,345.0,*,1.0,R,0.0,PDF   ,300.0,http://deepseadrilling.org/cores/leg038/345.1R.PDF,345.1R.PDF
 38,346.0,*,1.0,R,0.0,PDF   ,300.0,http://deepseadrilling.org/cores/leg038/346.1R.PDF,346.1R.PDF
 38,347.0,*,1.0,R,0.0,PDF   ,300.0,http://deepseadrilling.org/cores/leg038/347.1R.PDF,347.1R.PDF
 38,348.0,*,1.0,R,0.0,PDF   ,300.0,http://deepseadrilling.org/cores/leg038/348.1R.PDF,348.1R.PDF
 38,349.0,*,1.0,R,0.0,PDF   ,300.0,http://deepseadrilling.org/cores/leg038/349.1R.PDF,349.1R.PDF
 38,350.0,*,1.0,R,0.0,PDF   ,300.0,http://deepseadrilling.org/cores/leg038/350.1R.PDF,350.1R.PDF
 38,352.0,*,1.0,R,0.0,PDF   ,300.0,http://deepseadrilling.org/cores/leg038/352.1R.PDF,352.1R.PDF
 39,353.0,A,1.0,R,0.0,PDF   ,300.0,http://deepseadrilling.org/cores/leg039/353A1R.PDF,353A1R.PDF
 39,354.0,*,1.0,R,0.0,PDF   ,300.0,http://deepseadrilling.org/cores/leg039/354.1R.PDF,354.1R.PDF
 39,357.0,*,1.0,R,0.0,PDF   ,300.0,http://deepseadrilling.org/cores/leg039/357.1R.PDF,357.1R.PDF
 39,359.0,*,1.0,R,0.0,PDF   ,300.0,http://deepseadrilling.org/cores/leg039/359.1R.PDF,359.1R.PDF
 41,366.0,*,1.0,R,0.0,PDF   ,300.0,http://deepseadrilling.org/cores/leg041/366.1R.PDF,366.1R.PDF
 41,366.0,A,1.0,R,0.0,PDF   ,300.0,http://deepseadrilling.org/cores/leg041/366A1R.PDF,366A1R.PDF
 41,367.0,*,1.0,R,0.0,PDF   ,300.0,http://deepseadrilling.org/cores/leg041/367.1R.PDF,367.1R.PDF
 41,368.0,*,1.0,R,0.0,PDF   ,300.0,http://deepseadrilling.org/cores/leg041/368.1R.PDF,368.1R.PDF
 41,369.0,*,1.0,R,0.0,PDF   ,300.0,http://deepseadrilling.org/cores/leg041/369.1R.PDF,369.1R.PDF
 41,370.0,*,1.0,R,0.0,PDF   ,300.0,http://deepseadrilling.org/cores/leg041/370.1R.PDF,370.1R.PDF
 42,371.0,*,1.0,R,0.0,PDF   ,300.0,http://deepseadrilling.org/cores/leg042/371.1R.PDF,371.1R.PDF
 42,376.0,*,1.0,R,0.0,PDF   ,300.0,http://deepseadrilling.org/cores/leg042/376.1R.PDF,376.1R.PDF
 42,381.0,*,1.0,R,0.0,PDF   ,300.0,http://deepseadrilling.org/cores/leg042/381.1R.PDF,381.1R.PDF
 44,390.0,*,1.0,R,0.0,PDF   ,300.0,http://deepseadrilling.org/cores/leg044/390.1R.PDF,390.1R.PDF
 44,391.0,*,1.0,R,0.0,PDF   ,300.0,http://deepseadrilling.org/cores/leg044/391.1R.PDF,391.1R.PDF
 44,391.0,B,1.0,R,0.0,PDF   ,300.0,http://deepseadrilling.org/cores/leg044/391B1R.PDF,391B1R.PDF
 44,393.0,*,1.0,R,0.0,PDF   ,300.0,http://deepseadrilling.org/cores/leg044/393.1R.PDF,393.1R.PDF
 44,393.0,A,1.0,R,0.0,PDF   ,300.0,http://deepseadrilling.org/cores/leg044/393A1R.PDF,393A1R.PDF
 45,395.0,*,1.0,R,0.0,PDF   ,300.0,http://deepseadrilling.org/cores/leg045/395.1R.PDF,395.1R.PDF
 45,396.0,*,1.0,R,0.0,PDF   ,300.0,http://deepseadrilling.org/cores/leg045/396.1R.PDF,396.1R.PDF
 47,397.0,*,1.0,R,0.0,PDF   ,300.0,http://deepseadrilling.org/cores/leg047/397.1R.PDF,397.1R.PDF
 47,398.0,C,1.0,R,0.0,PDF   ,300.0,http://deepseadrilling.org/cores/leg047/398C1R.PDF,398C1R.PDF
 48,399.0,*,1.0,R,0.0,PDF   ,300.0,http://deepseadrilling.org/cores/leg048/399.1R.PDF,399.1R.PDF
 48,400.0,*,1.0,R,0.0,PDF   ,300.0,http://deepseadrilling.org/cores/leg048/400.1R.PDF,400.1R.PDF
 48,401.0,*,1.0,R,0.0,PDF   ,300.0,http://deepseadrilling.org/cores/leg048/401.1R.PDF,401.1R.PDF
 48,402.0,*,1.0,R,0.0,PDF   ,300.0,http://deepseadrilling.org/cores/leg048/402.1R.PDF,402.1R.PDF
 48,403.0,*,1.0,R,0.0,PDF   ,300.0,http://deepseadrilling.org/cores/leg048/403.1R.PDF,403.1R.PDF
 48,404.0,*,1.0,R,0.0,PDF   ,300.0,http://deepseadrilling.org/cores/leg048/404.1R.PDF,404.1R.PDF
 48,405.0,*,1.0,R,0.0,PDF   ,300.0,http://deepseadrilling.org/cores/leg048/405.1R.PDF,405.1R.PDF
 48,406.0,*,1.0,R,0.0,PDF   ,300.0,http://deepseadrilling.org/cores/leg048/406.1R.PDF,406.1R.PDF
 49,407.0,*,1.0,R,0.0,PDF   ,300.0,http://deepseadrilling.org/cores/leg049/407.1R.PDF,407.1R.PDF
 49,408.0,*,1.0,R,0.0,PDF   ,300.0,http://deepseadrilling.org/cores/leg049/408.1R.PDF,408.1R.PDF
 49,410.0,*,1.0,R,0.0,PDF   ,300.0,http://deepseadrilling.org/cores/leg049/410.1R.PDF,410.1R.PDF
 49,412.0,*,1.0,R,0.0,PDF   ,300.0,http://deepseadrilling.org/cores/leg049/412.1R.PDF,412.1R.PDF
 50,415.0,*,1.0,R,0.0,PDF   ,300.0,http://deepseadrilling.org/cores/leg050/415.1R.PDF,415.1R.PDF
 51,417.0,*,1.0,R,0.0,PDF   ,300.0,http://deepseadrilling.org/cores/leg051/417.1R.PDF,417.1R.PDF
 51,417.0,A,1.0,R,0.0,PDF   ,300.0,http://deepseadrilling.org/cores/leg051/417A1R.PDF,417A1R.PDF
 51,417.0,B,1.0,R,0.0,PDF   ,300.0,http://deepseadrilling.org/cores/leg051/417B1R.PDF,417B1R.PDF
 51,417.0,D,1.0,R,0.0,PDF   ,300.0,http://deepseadrilling.org/cores/leg051/417D1R.PDF,417D1R.PDF
 51,417.0,D,2.0,R,0.0,PDF   ,300.0,http://deepseadrilling.org/cores/leg051/417D2R.PDF,417D2R.PDF
 52,418.0,*,1.0,R,0.0,PDF   ,300.0,http://deepseadrilling.org/cores/leg052/418.1R.PDF,418.1R.PDF
 54,419.0,*,1.0,R,0.0,PDF   ,300.0,http://deepseadrilling.org/cores/leg054/419.1R.PDF,419.1R.PDF
 54,419.0,A,1.0,R,0.0,PDF   ,300.0,http://deepseadrilling.org/cores/leg054/419A1R.PDF,419A1R.PDF
 54,420.0,*,1.0,R,0.0,PDF   ,300.0,http://deepseadrilling.org/cores/leg054/420.1B.PDF,420.1B.PDF
 54,420.0,A,1.0,R,0.0,PDF   ,300.0,http://deepseadrilling.org/cores/leg054/420A1R.PDF,420A1R.PDF
 54,421.0,*,1.0,R,0.0,PDF   ,300.0,http://deepseadrilling.org/cores/leg054/421.1R.PDF,421.1R.PDF
 54,422.0,*,1.0,R,0.0,PDF   ,300.0,http://deepseadrilling.org/cores/leg054/422.1R.PDF,422.1R.PDF
 54,423.0,*,1.0,R,0.0,PDF   ,300.0,http://deepseadrilling.org/cores/leg054/423.1R.PDF,423.1R.PDF
 54,424.0,*,1.0,R,0.0,PDF   ,300.0,http://deepseadrilling.org/cores/leg054/424.1R.PDF,424.1R.PDF
 54,424.0,B,1.0,R,0.0,PDF   ,300.0,http://deepseadrilling.org/cores/leg054/424B1R.PDF,424B1R.PDF
 54,424.0,C,1.0,R,0.0,PDF   ,300.0,http://deepseadrilling.org/cores/leg054/424C1R.PDF,424C1R.PDF
 54,425.0,*,1.0,R,0.0,PDF   ,300.0,http://deepseadrilling.org/cores/leg054/425.1R.PDF,425.1R.PDF
 54,427.0,*,1.0,R,0.0,PDF   ,300.0,http://deepseadrilling.org/cores/leg054/427.1R.PDF,427.1R.PDF
 54,428.0,*,1.0,R,0.0,PDF   ,300.0,http://deepseadrilling.org/cores/leg054/428.1R.PDF,428.1R.PDF
 54,429.0,*,1.0,R,0.0,PDF   ,300.0,http://deepseadrilling.org/cores/leg054/429.1R.PDF,429.1R.PDF
 55,432.0,*,1.0,R,0.0,PDF   ,300.0,http://deepseadrilling.org/cores/leg055/432.1R.PDF,432.1R.PDF
 55,433.0,*,1.0,R,0.0,PDF   ,300.0,http://deepseadrilling.org/cores/leg055/433.1R.PDF,433.1R.PDF
 55,433.0,A,1.0,R,0.0,PDF   ,300.0,http://deepseadrilling.org/cores/leg055/433A1R.PDF,433A1R.PDF
 56,434.0,*,1.0,R,0.0,PDF   ,300.0,http://deepseadrilling.org/cores/leg056/434.1R.PDF,434.1R.PDF
 56,434.0,A,1.0,R,0.0,PDF   ,300.0,http://deepseadrilling.org/cores/leg056/434A1R.PDF,434A1R.PDF
 56,434.0,B,1.0,R,0.0,PDF   ,300.0,http://deepseadrilling.org/cores/leg056/434B1R.PDF,434B1R.PDF
 56,435.0,*,1.0,R,0.0,PDF   ,300.0,http://deepseadrilling.org/cores/leg056/435.1R.PDF,435.1R.PDF
 56,435.0,A,1.0,R,0.0,PDF   ,300.0,http://deepseadrilling.org/cores/leg056/435A1R.PDF,435A1R.PDF
 56,436.0,*,1.0,R,0.0,PDF   ,300.0,http://deepseadrilling.org/cores/leg056/436.1R.PDF,436.1R.PDF
 57,438.0,*,1.0,R,0.0,PDF   ,300.0,http://deepseadrilling.org/cores/leg057/438.1R.PDF,438.1R.PDF
 57,438.0,A,1.0,R,0.0,PDF   ,300.0,http://deepseadrilling.org/cores/leg057/438A1R.PDF,438A1R.PDF
 57,440.0,*,1.0,R,0.0,PDF   ,300.0,http://deepseadrilling.org/cores/leg057/440.1R.PDF,440.1R.PDF
 57,441.0,*,1.0,R,0.0,PDF   ,300.0,http://deepseadrilling.org/cores/leg057/441.1R.PDF,441.1R.PDF
 58,443.0,*,1.0,R,0.0,PDF   ,300.0,http://deepseadrilling.org/cores/leg058/443.1R.PDF,443.1R.PDF
 58,444.0,*,1.0,R,0.0,PDF   ,300.0,http://deepseadrilling.org/cores/leg058/444.1R.PDF,444.1R.PDF
 58,445.0,*,1.0,R,0.0,PDF   ,300.0,http://deepseadrilling.org/cores/leg058/445.1R.PDF,445.1R.PDF
 58,446.0,*,1.0,R,0.0,PDF   ,300.0,http://deepseadrilling.org/cores/leg058/446.1R.PDF,446.1R.PDF
 59,448.0,*,1.0,R,0.0,PDF   ,300.0,http://deepseadrilling.org/cores/leg059/448.1R.PDF,448.1R.PDF
 59,448.0,A,1.0,R,0.0,PDF   ,300.0,http://deepseadrilling.org/cores/leg059/448A1R.PDF,448A1R.PDF
 59,449.0,*,2.0,R,0.0,PDF   ,300.0,http://deepseadrilling.org/cores/leg059/449.2R.PDF,449.2R.PDF
 59,450.0,*,1.0,R,0.0,PDF   ,300.0,http://deepseadrilling.org/cores/leg059/450.1R.PDF,450.1R.PDF
 59,451.0,*,1.0,R,0.0,PDF   ,300.0,http://deepseadrilling.org/cores/leg059/451.1R.PDF,451.1R.PDF
 60,452.0,*,1.0,R,0.0,PDF   ,300.0,http://deepseadrilling.org/cores/leg060/452.1R.PDF,452.1R.PDF
 60,452.0,A,1.0,R,0.0,PDF   ,300.0,http://deepseadrilling.org/cores/leg060/452A1R.PDF,452A1R.PDF
 60,453.0,*,1.0,R,0.0,PDF   ,300.0,http://deepseadrilling.org/cores/leg060/453.1R.PDF,453.1R.PDF
 60,454.0,*,1.0,R,0.0,PDF   ,300.0,http://deepseadrilling.org/cores/leg060/454.1R.PDF,454.1R.PDF
 60,455.0,*,1.0,R,0.0,PDF   ,300.0,http://deepseadrilling.org/cores/leg060/455.1R.PDF,455.1R.PDF
 60,456.0,*,1.0,R,0.0,PDF   ,300.0,http://deepseadrilling.org/cores/leg060/456.1R.PDF,456.1R.PDF
 60,456.0,A,1.0,R,0.0,PDF   ,300.0,http://deepseadrilling.org/cores/leg060/456A1R.PDF,456A1R.PDF
 60,458.0,*,1.0,R,0.0,PDF   ,300.0,http://deepseadrilling.org/cores/leg060/458.1R.PDF,458.1R.PDF
 60,460.0,*,1.0,R,0.0,PDF   ,300.0,http://deepseadrilling.org/cores/leg060/460.1R.PDF,460.1R.PDF
 60,460.0,A,1.0,R,0.0,PDF   ,300.0,http://deepseadrilling.org/cores/leg060/460A1R.PDF,460A1R.PDF
 60,461.0,*,1.0,R,0.0,PDF   ,300.0,http://deepseadrilling.org/cores/leg060/461.1R.PDF,461.1R.PDF
 60,461.0,A,1.0,R,0.0,PDF   ,300.0,http://deepseadrilling.org/cores/leg060/461A1R.PDF,461A1R.PDF
 62,463.0,*,1.0,R,0.0,PDF   ,300.0,http://deepseadrilling.org/cores/leg062/463.1R.PDF,463.1R.PDF
 62,464.0,*,1.0,R,0.0,PDF   ,300.0,http://deepseadrilling.org/cores/leg062/464.1R.PDF,464.1R.PDF
 62,466.0,*,1.0,R,0.0,PDF   ,300.0,http://deepseadrilling.org/cores/leg062/466.1R.PDF,466.1R.PDF
 63,468.0,A,1.0,R,0.0,PDF   ,300.0,http://deepseadrilling.org/cores/leg063/468A1R.PDF,468A1R.PDF
 63,470.0,*,1.0,R,0.0,PDF   ,300.0,http://deepseadrilling.org/cores/leg063/470.1R.PDF,470.1R.PDF
 63,471.0,*,1.0,R,0.0,PDF   ,300.0,http://deepseadrilling.org/cores/leg063/471.1R.PDF,471.1R.PDF
 63,472.0,*,1.0,R,0.0,PDF   ,300.0,http://deepseadrilling.org/cores/leg063/472.1R.PDF,472.1R.PDF
 63,473.0,*,1.0,R,0.0,PDF   ,300.0,http://deepseadrilling.org/cores/leg063/473.1R.PDF,473.1R.PDF
 64,474.0,*,1.0,R,0.0,PDF   ,300.0,http://deepseadrilling.org/cores/leg064/474.1R.PDF,474.1R.PDF
 64,475.0,*,1.0,R,0.0,PDF   ,300.0,http://deepseadrilling.org/cores/leg064/475.1R.PDF,475.1R.PDF
 64,475.0,B,1.0,R,0.0,PDF   ,300.0,http://deepseadrilling.org/cores/leg064/475B1R.PDF,475B1R.PDF
 64,476.0,*,1.0,R,0.0,PDF   ,300.0,http://deepseadrilling.org/cores/leg064/476.1R.PDF,476.1R.PDF
 64,477.0,*,1.0,R,0.0,PDF   ,300.0,http://deepseadrilling.org/cores/leg064/477.1R.PDF,477.1R.PDF
 64,478.0,*,1.0,R,0.0,PDF   ,300.0,http://deepseadrilling.org/cores/leg064/478.1R.PDF,478.1R.PDF
 64,479.0,*,1.0,R,0.0,PDF   ,300.0,http://deepseadrilling.org/cores/leg064/479.1R.PDF,479.1R.PDF
 64,480.0,*,1.0,H,0.0,PDF   ,300.0,http://deepseadrilling.org/cores/leg064/480.1H.PDF,480.1H.PDF
 64,481.0,*,1.0,H,0.0,PDF   ,300.0,http://deepseadrilling.org/cores/leg064/481.1H.PDF,481.1H.PDF
 65,482.0,*,1.0,R,0.0,PDF   ,300.0,http://deepseadrilling.org/cores/leg065/482.1R.PDF,482.1R.PDF
 65,483.0,*,1.0,R,0.0,PDF   ,300.0,http://deepseadrilling.org/cores/leg065/483.1R.PDF,483.1R.PDF
 65,484.0,*,1.0,R,0.0,PDF   ,300.0,http://deepseadrilling.org/cores/leg065/484.1R.PDF,484.1R.PDF
 65,484.0,A,1.0,R,0.0,PDF   ,300.0,http://deepseadrilling.org/cores/leg065/484A1R.PDF,484A1R.PDF
 65,485.0,*,1.0,R,0.0,PDF   ,300.0,http://deepseadrilling.org/cores/leg065/485.1R.PDF,485.1R.PDF
 66,487.0,*,1.0,R,0.0,PDF   ,300.0,http://deepseadrilling.org/cores/leg066/487.1R.PDF,487.1R.PDF
 66,488.0,*,1.0,R,0.0,PDF   ,300.0,http://deepseadrilling.org/cores/leg066/488.1R.PDF,488.1R.PDF
 66,489.0,*,1.0,R,0.0,PDF   ,300.0,http://deepseadrilling.org/cores/leg066/489.1R.PDF,489.1R.PDF
 66,489.0,A,1.0,R,0.0,PDF   ,300.0,http://deepseadrilling.org/cores/leg066/489A1R.PDF,489A1R.PDF
 66,490.0,*,1.0,R,0.0,PDF   ,300.0,http://deepseadrilling.org/cores/leg066/490.1R.PDF,490.1R.PDF
 66,491.0,*,1.0,R,0.0,PDF   ,300.0,http://deepseadrilling.org/cores/leg066/491.1R.PDF,491.1R.PDF
 66,492.0,*,1.0,R,0.0,PDF   ,300.0,http://deepseadrilling.org/cores/leg066/492.1R.PDF,492.1R.PDF
 66,492.0,A,1.0,H,0.0,PDF   ,300.0,http://deepseadrilling.org/cores/leg066/492A1H.PDF,492A1H.PDF
 66,493.0,*,1.0,R,0.0,PDF   ,300.0,http://deepseadrilling.org/cores/leg066/493.1R.PDF,493.1R.PDF
 66,493.0,A,1.0,R,0.0,PDF   ,300.0,http://deepseadrilling.org/cores/leg066/493A1R.PDF,493A1R.PDF
 67,494.0,*,1.0,R,0.0,PDF   ,300.0,http://deepseadrilling.org/cores/leg067/494.1R.PDF,494.1R.PDF
 67,496.0,*,1.0,R,0.0,PDF   ,300.0,http://deepseadrilling.org/cores/leg067/496.1R.PDF,496.1R.PDF
 67,497.0,*,1.0,R,0.0,PDF   ,300.0,http://deepseadrilling.org/cores/leg067/497.1R.PDF,497.1R.PDF
 67,498.0,*,1.0,R,0.0,PDF   ,300.0,http://deepseadrilling.org/cores/leg067/498.1R.PDF,498.1R.PDF
 67,499.0,*,1.0,R,0.0,PDF   ,300.0,http://deepseadrilling.org/cores/leg067/499.1R.PDF,499.1R.PDF
 67,499.0,A,1.0,R,0.0,PDF   ,300.0,http://deepseadrilling.org/cores/leg067/499A1R.PDF,499A1R.PDF
 67,499.0,D,1.0,W,0.0,PDF   ,300.0,http://deepseadrilling.org/cores/leg067/499D1W.PDF,499D1W.PDF
 67,500.0,*,1.0,R,0.0,PDF   ,300.0,http://deepseadrilling.org/cores/leg067/500.1R.PDF,500.1R.PDF
 67,500.0,B,1.0,W,0.0,PDF   ,300.0,http://deepseadrilling.org/cores/leg067/500B1W.PDF,500B1W.PDF
 68,501.0,*,1.0,R,0.0,PDF   ,300.0,http://deepseadrilling.org/cores/leg068/501.1R.PDF,501.1R.PDF
 68,502.0,*,1.0,H,0.0,PDF   ,300.0,http://deepseadrilling.org/cores/leg068/502.1H.PDF,502.1H.PDF
 68,502.0,A,1.0,H,0.0,PDF   ,300.0,http://deepseadrilling.org/cores/leg068/502A1H.PDF,502A1H.PDF
 68,502.0,B,1.0,H,0.0,PDF   ,300.0,http://deepseadrilling.org/cores/leg068/502B1H.PDF,502B1H.PDF
 68,503.0,*,1.0,H,0.0,PDF   ,300.0,http://deepseadrilling.org/cores/leg068/503.1H.PDF,503.1H.PDF
 68,503.0,A,1.0,H,0.0,PDF   ,300.0,http://deepseadrilling.org/cores/leg068/503A1H.PDF,503A1H.PDF
 68,503.0,B,1.0,H,0.0,PDF   ,300.0,http://deepseadrilling.org/cores/leg068/503B1H.PDF,503B1H.PDF
 70,506.0,*,1.0,H,0.0,PDF   ,300.0,http://deepseadrilling.org/cores/leg070/506.1H.PDF,506.1H.PDF
 70,506.0,B,1.0,H,0.0,PDF   ,300.0,http://deepseadrilling.org/cores/leg070/506B1H.PDF,506B1H.PDF
 70,506.0,C,1.0,H,0.0,PDF   ,300.0,http://deepseadrilling.org/cores/leg070/506C1H.PDF,506C1H.PDF
 70,506.0,D,1.0,H,0.0,PDF   ,300.0,http://deepseadrilling.org/cores/leg070/506D1H.PDF,506D1H.PDF
 70,508.0,*,1.0,H,0.0,PDF   ,300.0,http://deepseadrilling.org/cores/leg070/508.1H.PDF,508.1H.PDF
 70,508.0,B,1.0,R,0.0,PDF   ,300.0,http://deepseadrilling.org/cores/leg070/508B1R.PDF,508B1R.PDF
 70,509.0,*,1.0,H,0.0,PDF   ,300.0,http://deepseadrilling.org/cores/leg070/509.1H.PDF,509.1H.PDF
 70,509.0,B,1.0,H,0.0,PDF   ,300.0,http://deepseadrilling.org/cores/leg070/509B1H.PDF,509B1H.PDF
 70,510.0,*,1.0,R,0.0,PDF   ,300.0,http://deepseadrilling.org/cores/leg070/510.1R.PDF,510.1R.PDF
 71,511.0,*,1.0,R,0.0,PDF   ,300.0,http://deepseadrilling.org/cores/leg071/511.1R.PDF,511.1R.PDF
 71,512.0,*,1.0,H,0.0,PDF   ,300.0,http://deepseadrilling.org/cores/leg071/512.1H.PDF,512.1H.PDF
 71,513.0,*,1.0,R,0.0,PDF   ,300.0,http://deepseadrilling.org/cores/leg071/513.1R.PDF,513.1R.PDF
 71,514.0,*,1.0,H,0.0,PDF   ,300.0,http://deepseadrilling.org/cores/leg071/514.1H.PDF,514.1H.PDF
 72,515.0,*,1.0,R,0.0,PDF   ,300.0,http://deepseadrilling.org/cores/leg072/515.1R.PDF,515.1R.PDF
 72,515.0,A,1.0,H,0.0,PDF   ,300.0,http://deepseadrilling.org/cores/leg072/515A1H.PDF,515A1H.PDF
 72,516.0,*,1.0,H,0.0,PDF   ,300.0,http://deepseadrilling.org/cores/leg072/516.1H.PDF,516.1H.PDF
 72,516.0,A,1.0,H,0.0,PDF   ,300.0,http://deepseadrilling.org/cores/leg072/516A1H.PDF,516A1H.PDF
 72,517.0,*,1.0,H,0.0,PDF   ,300.0,http://deepseadrilling.org/cores/leg072/517.1H.PDF,517.1H.PDF
 72,518.0,*,1.0,H,0.0,PDF   ,300.0,http://deepseadrilling.org/cores/leg072/518.1H.PDF,518.1H.PDF
 73,519.0,*,1.0,H,0.0,PDF   ,300.0,http://deepseadrilling.org/cores/leg073/519.1H.PDF,519.1H.PDF
 73,521.0,*,1.0,H,0.0,PDF   ,300.0,http://deepseadrilling.org/cores/leg073/521.1H.PDF,521.1H.PDF
 73,521.0,A,1.0,H,0.0,PDF   ,300.0,http://deepseadrilling.org/cores/leg073/521A1H.PDF,521A1H.PDF
 73,522.0,*,1.0,H,0.0,PDF   ,300.0,http://deepseadrilling.org/cores/leg073/522.1H.PDF,522.1H.PDF
 73,524.0,B,1.0,H,0.0,PDF   ,300.0,http://deepseadrilling.org/cores/leg073/524B1H.PDF,524B1H.PDF
 74,526.0,*,1.0,H,0.0,PDF   ,300.0,http://deepseadrilling.org/cores/leg074/526.1H.pdf,526.1H.pdf
 74,527.0,*,1.0,R,0.0,PDF   ,300.0,http://deepseadrilling.org/cores/leg074/527.1R.pdf,527.1R.pdf
 74,528.0,*,1.0,R,0.0,PDF   ,300.0,http://deepseadrilling.org/cores/leg074/528.1R.pdf,528.1R.pdf
 74,528.0,A,1.0,H,0.0,PDF   ,300.0,http://deepseadrilling.org/cores/leg074/528A1H.pdf,528A1H.pdf
 74,529.0,*,1.0,R,0.0,PDF   ,300.0,http://deepseadrilling.org/cores/leg074/529.1R.pdf,529.1R.pdf
 75,530.0,*,1.0,R,0.0,PDF   ,300.0,http://deepseadrilling.org/cores/leg075/530.1R.PDF,530.1R.PDF
 75,530.0,B,1.0,H,0.0,PDF   ,300.0,http://deepseadrilling.org/cores/leg075/530B1H.PDF,530B1H.PDF
 75,532.0,*,1.0,H,0.0,PDF   ,300.0,http://deepseadrilling.org/cores/leg075/532.1H.PDF,532.1H.PDF
 75,532.0,A,1.0,H,0.0,PDF   ,300.0,http://deepseadrilling.org/cores/leg075/532A1H.PDF,532A1H.PDF
 75,532.0,B,1.0,H,0.0,PDF   ,300.0,http://deepseadrilling.org/cores/leg075/532B1H.PDF,532B1H.PDF
 76,533.0,*,1.0,H,0.0,PDF   ,300.0,http://deepseadrilling.org/cores/leg076/533.1h.PDF,533.1h.PDF
 76,534.0,*,1.0,R,0.0,PDF   ,300.0,http://deepseadrilling.org/cores/leg076/534.1r.PDF,534.1r.PDF
 76,534.0,A,1.0,W,0.0,PDF   ,300.0,http://deepseadrilling.org/cores/leg076/534a1w.PDF,534a1w.PDF
 77,535.0,*,1.0,R,0.0,PDF   ,300.0,http://deepseadrilling.org/cores/leg077/535.1r.pdf,535.1r.pdf
 77,536.0,*,1.0,R,0.0,PDF   ,300.0,http://deepseadrilling.org/cores/leg077/536.1r.pdf,536.1r.pdf
 77,537.0,*,1.0,R,0.0,PDF   ,300.0,http://deepseadrilling.org/cores/leg077/537.1r.pdf,537.1r.pdf
 77,538.0,*,1.0,R,0.0,PDF   ,300.0,http://deepseadrilling.org/cores/leg077/538.1r.pdf,538.1r.pdf
 77,538.0,A,1.0,R,0.0,PDF   ,300.0,http://deepseadrilling.org/cores/leg077/538A1r.pdf,538A1r.pdf
 77,540.0,*,1.0,R,0.0,PDF   ,300.0,http://deepseadrilling.org/cores/leg077/540.1r.pdf,540.1r.pdf
 79,544.0,*,1.0,R,0.0,PDF   ,300.0,http://deepseadrilling.org/cores/leg079/544.1r.pdf,544.1r.pdf
 79,544.0,A,1.0,R,0.0,PDF   ,300.0,http://deepseadrilling.org/cores/leg079/544A1r.pdf,544A1r.pdf
 79,544.0,B,1.0,H,0.0,PDF   ,300.0,http://deepseadrilling.org/cores/leg079/544B1h.pdf,544B1h.pdf
 79,545.0,*,1.0,R,0.0,PDF   ,300.0,http://deepseadrilling.org/cores/leg079/545.1r.pdf,545.1r.pdf
 79,546.0,*,1.0,R,0.0,PDF   ,300.0,http://deepseadrilling.org/cores/leg079/546.1r.pdf,546.1r.pdf
 79,547.0,*,1.0,R,0.0,PDF   ,300.0,http://deepseadrilling.org/cores/leg079/547.1R.pdf,547.1R.pdf
 79,547.0,B,4.0,W,0.0,PDF   ,300.0,http://deepseadrilling.org/cores/leg079/547B4w.pdf,547B4w.pdf
 80,548.0,*,1.0,H,0.0,PDF   ,300.0,http://deepseadrilling.org/cores/leg080/548.1H.PDF,548.1H.PDF
 80,549.0,*,1.0,R,0.0,PDF   ,300.0,http://deepseadrilling.org/cores/leg080/549.1R.PDF,549.1R.PDF
 80,549.0,A,1.0,H,0.0,PDF   ,300.0,http://deepseadrilling.org/cores/leg080/549A1H.PDF,549A1H.PDF
 80,550.0,*,1.0,R,0.0,PDF   ,300.0,http://deepseadrilling.org/cores/leg080/550.1R.PDF,550.1R.PDF
 80,551.0,*,1.0,R,0.0,PDF   ,300.0,http://deepseadrilling.org/cores/leg080/551.1R.PDF,551.1R.PDF
 81,552.0,*,1.0,R,0.0,PDF   ,300.0,http://deepseadrilling.org/cores/leg081/552.1R.PDF,552.1R.PDF
 81,552.0,A,1.0,H,0.0,PDF   ,300.0,http://deepseadrilling.org/cores/leg081/552A1H.PDF,552A1H.PDF
 81,555.0,*,1.0,R,0.0,PDF   ,300.0,http://deepseadrilling.org/cores/leg081/555.1R.PDF,555.1R.PDF
 82,557.0,*,1.0,W,0.0,PDF   ,300.0,http://deepseadrilling.org/cores/leg082/557.1W.PDF,557.1W.PDF
 82,564.0,*,1.0,W,0.0,PDF   ,300.0,http://deepseadrilling.org/cores/leg082/564.1W.PDF,564.1W.PDF
 84,565.0,*,1.0,R,0.0,PDF   ,300.0,http://deepseadrilling.org/cores/leg084/565.1R.PDF,565.1R.PDF
 84,566.0,*,1.0,H,0.0,PDF   ,300.0,http://deepseadrilling.org/cores/leg084/566.1H.PDF,566.1H.PDF
 84,566.0,A,1.0,X,0.0,PDF   ,300.0,http://deepseadrilling.org/cores/leg084/566A1X.PDF,566A1X.PDF
 84,568.0,*,1.0,R,0.0,PDF   ,300.0,http://deepseadrilling.org/cores/leg084/568.1R.PDF,568.1R.PDF
 84,569.0,*,1.0,R,0.0,PDF   ,300.0,http://deepseadrilling.org/cores/leg084/569.1R.PDF,569.1R.PDF
 84,570.0,*,1.0,R,0.0,PDF   ,300.0,http://deepseadrilling.org/cores/leg084/570.1R.PDF,570.1R.PDF
 85,571.0,*,1.0,H,0.0,PDF   ,300.0,http://deepseadrilling.org/cores/leg085/571.1H.PDF,571.1H.PDF
 85,572.0,*,1.0,H,0.0,PDF   ,300.0,http://deepseadrilling.org/cores/leg085/572.1H.PDF,572.1H.PDF
 85,572.0,A,1.0,H,0.0,PDF   ,300.0,http://deepseadrilling.org/cores/leg085/572A1H.PDF,572A1H.PDF
 85,572.0,C,1.0,H,0.0,PDF   ,300.0,http://deepseadrilling.org/cores/leg085/572C1H.PDF,572C1H.PDF
 85,573.0,*,1.0,H,0.0,PDF   ,300.0,http://deepseadrilling.org/cores/leg085/573.1H.PDF,573.1H.PDF
 85,574.0,*,1.0,H,0.0,PDF   ,300.0,http://deepseadrilling.org/cores/leg085/574.1H.PDF,574.1H.PDF
 85,575.0,*,1.0,H,0.0,PDF   ,300.0,http://deepseadrilling.org/cores/leg085/575.1H.PDF,575.1H.PDF
 85,575.0,C,1.0,H,0.0,PDF   ,300.0,http://deepseadrilling.org/cores/leg085/575C1H.PDF,575C1H.PDF
 86,576.0,*,1.0,H,0.0,PDF   ,300.0,http://deepseadrilling.org/cores/leg086/576.1H.PDF,576.1H.PDF
 86,576.0,A,1.0,H,0.0,PDF   ,300.0,http://deepseadrilling.org/cores/leg086/576A1H.PDF,576A1H.PDF
 86,576.0,B,1.0,H,0.0,PDF   ,300.0,http://deepseadrilling.org/cores/leg086/576B1H.PDF,576B1H.PDF
 86,577.0,*,1.0,H,0.0,PDF   ,300.0,http://deepseadrilling.org/cores/leg086/577.1H.PDF,577.1H.PDF
 86,577.0,A,1.0,H,0.0,PDF   ,300.0,http://deepseadrilling.org/cores/leg086/577A1H.PDF,577A1H.PDF
 86,578.0,*,1.0,H,0.0,PDF   ,300.0,http://deepseadrilling.org/cores/leg086/578.1H.PDF,578.1H.PDF
 87,582.0,*,1.0,R,0.0,PDF   ,300.0,http://deepseadrilling.org/cores/leg087/582.1R.PDF,582.1R.PDF
 87,583.0,*,1.0,H,0.0,PDF   ,300.0,http://deepseadrilling.org/cores/leg087/583.1H.PDF,583.1H.PDF
 87,583.0,A,1.0,H,0.0,PDF   ,300.0,http://deepseadrilling.org/cores/leg087/583A1H.PDF,583A1H.PDF
 87,583.0,B,1.0,H,0.0,PDF   ,300.0,http://deepseadrilling.org/cores/leg087/583B1H.PDF,583B1H.PDF
 87,583.0,E,1.0,W,0.0,PDF   ,300.0,http://deepseadrilling.org/cores/leg087/583E1W.PDF,583E1W.PDF
 87,583.0,F,1.0,W,0.0,PDF   ,300.0,http://deepseadrilling.org/cores/leg087/583F1W.PDF,583F1W.PDF
 87,584.0,*,1.0,R,0.0,PDF   ,300.0,http://deepseadrilling.org/cores/leg087/584.1R.PDF,584.1R.PDF
 87,584.0,A,1.0,M,0.0,PDF   ,300.0,http://deepseadrilling.org/cores/leg087/584A1M.PDF,584A1M.PDF
 87,584.0,A,1.0,W,0.0,PDF   ,300.0,http://deepseadrilling.org/cores/leg087/584A1W.PDF,584A1W.PDF
 87,584.0,B,1.0,R,0.0,PDF   ,300.0,http://deepseadrilling.org/cores/leg087/584B1R.PDF,584B1R.PDF
 89,586.0,*,1.0,H,0.0,PDF   ,300.0,http://deepseadrilling.org/cores/leg089/586.1H.PDF,586.1H.PDF
 90,587.0,*,1.0,H,0.0,PDF   ,300.0,http://deepseadrilling.org/cores/leg090/587.1H.PDF,587.1H.PDF
 90,588.0,*,1.0,H,0.0,PDF   ,300.0,http://deepseadrilling.org/cores/leg090/588.1H.PDF,588.1H.PDF
 90,588.0,B,1.0,H,0.0,PDF   ,300.0,http://deepseadrilling.org/cores/leg090/588B1H.PDF,588B1H.PDF
 90,591.0,*,1.0,H,0.0,PDF   ,300.0,http://deepseadrilling.org/cores/leg090/591.1H.PDF,591.1H.PDF
 90,591.0,A,1.0,H,0.0,PDF   ,300.0,http://deepseadrilling.org/cores/leg090/591A1H.PDF,591A1H.PDF
 93,603.0,*,1.0,R,0.0,PDF   ,300.0,http://deepseadrilling.org/cores/leg093/603.1R.PDF,603.1R.PDF
 93,603.0,B,1.0,W,0.0,PDF   ,300.0,http://deepseadrilling.org/cores/leg093/603B1W.PDF,603B1W.PDF
 93,603.0,C,1.0,H,0.0,PDF   ,300.0,http://deepseadrilling.org/cores/leg093/603C1H.pdf,603C1H.pdf
 93,604.0,*,1.0,R,0.0,PDF   ,300.0,http://deepseadrilling.org/cores/leg093/604.1R.PDF,604.1R.PDF
 93,604.0,A,1.0,W,0.0,PDF   ,300.0,http://deepseadrilling.org/cores/leg093/604A1W.PDF,604A1W.PDF
 94,606.0,*,1.0,R,0.0,PDF   ,300.0,http://deepseadrilling.org/cores/leg094/606.1R.PDF,606.1R.PDF
 94,606.0,A,1.0,R,0.0,PDF   ,300.0,http://deepseadrilling.org/cores/leg094/606A1R.pdf,606A1R.pdf
 94,607.0,*,1.0,R,0.0,PDF   ,300.0,http://deepseadrilling.org/cores/leg094/607.1R.PDF,607.1R.PDF
 94,607.0,A,1.0,R,0.0,PDF   ,300.0,http://deepseadrilling.org/cores/leg094/607A1R.PDF,607A1R.PDF
 94,608.0,*,1.0,H,0.0,PDF   ,300.0,http://deepseadrilling.org/cores/leg094/608.1H.PDF,608.1H.PDF
 94,608.0,A,1.0,R,0.0,PDF   ,300.0,http://deepseadrilling.org/cores/leg094/608A1R.PDF,608A1R.PDF
 94,609.0,*,1.0,R,0.0,PDF   ,300.0,http://deepseadrilling.org/cores/leg094/609.1R.PDF,609.1R.PDF
 94,609.0,B,1.0,R,0.0,PDF   ,300.0,http://deepseadrilling.org/cores/leg094/609B1R.PDF,609B1R.PDF
 94,610.0,*,1.0,R,0.0,PDF   ,300.0,http://deepseadrilling.org/cores/leg094/610.1R.PDF,610.1R.PDF
 94,610.0,A,1.0,R,0.0,PDF   ,300.0,http://deepseadrilling.org/cores/leg094/610A1R.PDF,610A1R.PDF
 94,610.0,B,1.0,R,0.0,PDF   ,300.0,http://deepseadrilling.org/cores/leg094/610B1R.PDF,610B1R.PDF
 94,610.0,D,1.0,R,0.0,PDF   ,300.0,http://deepseadrilling.org/cores/leg094/610D1R.PDF,610D1R.PDF
 94,611.0,*,1.0,R,0.0,PDF   ,300.0,http://deepseadrilling.org/cores/leg094/611.1R.PDF,611.1R.PDF
 94,611.0,A,1.0,H,0.0,PDF   ,300.0,http://deepseadrilling.org/cores/leg094/611A1H.PDF,611A1H.PDF
 94,611.0,B,1.0,H,0.0,PDF   ,300.0,http://deepseadrilling.org/cores/leg094/611B1H.PDF,611B1H.PDF
 94,611.0,C,1.0,H,0.0,PDF   ,300.0,http://deepseadrilling.org/cores/leg094/611C1H.pdf,611C1H.pdf
 95,612.0,*,1.0,H,0.0,PDF   ,300.0,http://deepseadrilling.org/cores/leg095/612.1H.PDF,612.1H.PDF
 95,613.0,*,1.0,W,0.0,PDF   ,300.0,http://deepseadrilling.org/cores/leg095/613.1W.PDF,613.1W.PDF
 96,614.0,*,1.0,H,0.0,PDF   ,300.0,http://deepseadrilling.org/cores/leg096/614.1H.PDF,614.1H.PDF
 96,615.0,*,1.0,H,0.0,PDF   ,300.0,http://deepseadrilling.org/cores/leg096/615.1H.PDF,615.1H.PDF
 96,615.0,A,1.0,H,0.0,PDF   ,300.0,http://deepseadrilling.org/cores/leg096/615A1H.PDF,615A1H.PDF
 96,616.0,*,1.0,H,0.0,PDF   ,300.0,http://deepseadrilling.org/cores/leg096/616.1H.PDF,616.1H.PDF
 96,616.0,B,1.0,H,0.0,PDF   ,300.0,http://deepseadrilling.org/cores/leg096/616B1H.PDF,616B1H.PDF
 96,617.0,*,1.0,H,0.0,PDF   ,300.0,http://deepseadrilling.org/cores/leg096/617.1H.PDF,617.1H.PDF
 96,617.0,A,1.0,H,0.0,PDF   ,300.0,http://deepseadrilling.org/cores/leg096/617A1H.PDF,617A1H.PDF
 96,618.0,*,1.0,H,0.0,PDF   ,300.0,http://deepseadrilling.org/cores/leg096/618.1H.PDF,618.1H.PDF
 96,619.0,A,1.0,H,0.0,PDF   ,300.0,http://deepseadrilling.org/cores/leg096/619A1H.PDF,619A1H.PDF
 96,620.0,*,1.0,R,0.0,PDF   ,300.0,http://deepseadrilling.org/cores/leg096/620.1R.PDF,620.1R.PDF
 96,621.0,*,1.0,H,0.0,PDF   ,300.0,http://deepseadrilling.org/cores/leg096/621.1H.PDF,621.1H.PDF
 96,622.0,*,1.0,H,0.0,PDF   ,300.0,http://deepseadrilling.org/cores/leg096/622.1H.PDF,622.1H.PDF
 96,622.0,A,1.0,H,0.0,PDF   ,300.0,http://deepseadrilling.org/cores/leg096/622A1H.PDF,622A1H.PDF
 96,623.0,*,1.0,H,0.0,PDF   ,300.0,http://deepseadrilling.org/cores/leg096/623.1H.PDF,623.1H.PDF
