"Exp","Site","Hole","Core","Type","Sect","A/W","Top offset on section (cm)","Bot offset on section (cm)","Top depth CSF-A (m)","Top depth CSF-B (m)","Inorganic carbon (wt%)","Calcium carbonate (wt%)","Total carbon (wt%)","Hydrogen (wt%)","Nitrogen (wt%)","Sulfur (wt%)","Organic carbon (wt%), CHNS with treated sample (wt%)","Organic carbon (wt%) by difference (CHNS-COUL)","Sample treatment method (CHNS organic carbon)","Sample comments"
"317","U1351","A","1","H","1","W","11.0","13.0","0.110","0.110","","","4.2200","0.0000","0.5290","0.0400","","","",""
"317","U1351","A","1","H","1","W","11.0","13.0","0.110","0.110","","","0.8800","0.0000","0.3540","0.4200","","","","Decarbonated fraction for CHNS and SRA"
"317","U1351","A","1","H","1","W","11.0","13.0","0.110","0.110","3.513","29.274","","","","","","","",""
"317","U1351","A","1","H","1","W","25.0","26.0","0.250","0.250","","","0.9500","0.0000","0.3750","0.4000","","","","Decarbonated fraction for CHNS and SRA"
"317","U1351","A","1","H","1","W","25.0","26.0","0.250","0.250","3.321","27.674","4.0600","0.0000","0.6080","0.0600","","0.74","",""
"317","U1351","A","1","H","2","W","43.0","44.0","1.920","1.920","","","2.4900","0.0000","0.5380","0.2600","","","",""
"317","U1351","A","1","H","2","W","43.0","44.0","1.920","1.920","","","0.7700","0.0000","0.3240","0.6900","","","","Decarbonated fraction for CHNS and SRA"
"317","U1351","A","1","H","2","W","43.0","44.0","1.920","1.920","1.681","14.008","","","","","","","",""
"317","U1351","B","1","H","1","W","50.0","51.0","0.500","0.500","3.061","25.507","3.9300","0.0000","0.5790","0.0900","","0.87","",""
"317","U1351","B","1","H","1","W","78.0","79.0","0.780","0.780","3.192","26.599","3.6100","0.0000","0.5750","0.0200","","0.42","",""
"317","U1351","B","1","H","5","W","41.0","42.0","6.410","6.410","0.443","3.692","0.8700","0.0000","0.5810","0.5000","","0.43","",""
"317","U1352","B","1","H","3","W","29.0","30.0","3.290","3.290","0.445","3.708","0.7000","0.0000","0.0250","0.0300","","0.25","",""
"317","U1352","B","1","H","3","W","91.0","92.0","3.910","3.910","0.179","1.492","0.3700","0.0000","0.0200","0.2600","","0.19","",""
"317","U1353","B","1","H","2","W","67.0","68.0","2.170","2.170","2.251","18.758","3.0100","","0.0767","","","0.76","",""
"317","U1353","B","1","H","5","W","26.0","27.0","6.260","6.260","0.912","7.600","1.7700","","0.0694","","","0.86","",""
"317","U1354","B","1","H","1","W","140.0","141.0","1.400","1.390","1.592","13.266","2.5000","","0.0724","","","0.91","",""
"318","U1356","A","1","R","2","W","49.0","51.0","1.990","1.990","0.032","0.267","0.0400","0.0000","0.0098","0.0700","","0.01","",""
"318","U1356","A","1","R","3","W","13.0","15.0","3.130","3.130","0.035","0.292","","","","","","","",""
"318","U1357","A","1","H","2","W","57.0","58.0","2.070","2.060","0.376","3.133","1.3900","0.0000","0.1952","0.7100","","1.01","",""
"318","U1357","A","1","H","4","W","50.0","51.0","5.000","4.970","0.286","2.383","","","","","","","",""
"318","U1357","C","1","H","1","","30.0","40.0","0.300","0.300","0.048","0.400","","","","","","","","I 1-2"
"318","U1357","C","1","H","1","W","50.0","60.0","0.500","0.500","0.0136","0.113","","","","","","","","I 1_3"
"318","U1357","C","1","H","1","","70.0","80.0","0.700","0.700","0.0145","0.121","","","","","","","","I 1_4"
"318","U1357","C","1","H","1","","90.0","100.0","0.900","0.900","0.0151","0.126","","","","","","","","I 1_5"
"318","U1357","C","1","H","1","","90.0","100.0","0.900","0.900","0.0153","0.127","","","","","","","","I 1_5"
"318","U1357","C","1","H","2","","40.0","50.0","1.400","1.400","0.016","0.133","","","","","","","","I 1_7"
"318","U1357","C","1","H","2","","60.0","70.0","1.600","1.600","0.0154","0.128","","","","","","","","I 1_8"
"318","U1357","C","1","H","2","","80.0","90.0","1.800","1.800","0.0158","0.132","","","","","","","","I 1_9"
"318","U1357","C","1","H","2","","80.0","90.0","1.800","1.800","0.0156","0.130","","","","","","","","I 1_9"
"318","U1357","C","1","H","3","","20.0","30.0","2.200","2.200","0.065","0.542","","","","","","","","I 2_2"
"318","U1357","C","1","H","3","","40.0","50.0","2.400","2.400","0.0157","0.131","","","","","","","","I 2_3"
"318","U1357","C","1","H","3","","60.0","70.0","2.600","2.600","0.0162","0.135","","","","","","","","I 2_4"
"318","U1357","C","1","H","3","","80.0","90.0","2.800","2.800","0.0166","0.138","","","","","","","","I 2_5"
"318","U1357","C","1","H","3","","80.0","90.0","2.800","2.800","0.0155","0.129","","","","","","","","I 2_5"
"318","U1357","C","1","H","4","","20.0","30.0","3.200","3.200","0.017","0.142","","","","","","","","I 2_7"
"318","U1357","C","1","H","4","","50.0","60.0","3.500","3.500","0.0170","0.142","","","","","","","","I 2_8"
"318","U1357","C","1","H","4","","70.0","80.0","3.700","3.700","0.0173","0.144","","","","","","","","I 2_9"
"318","U1357","C","1","H","4","","90.0","100.0","3.900","3.900","0.0176","0.147","","","","","","","","I 2_10"
"318","U1357","C","1","H","4","","90.0","100.0","3.900","3.900","0.0178","0.148","","","","","","","","I 2_10"
"318","U1357","C","1","H","5","","50.0","60.0","4.500","4.500","0.018","0.150","","","","","","","","I 4_2"
"318","U1357","C","1","H","5","","80.0","90.0","4.800","4.800","0.0181","0.151","","","","","","","","I 4_3"
"318","U1357","C","1","H","5","","80.0","90.0","4.800","4.800","0.0177","0.147","","","","","","","","I 4_3"
"318","U1357","C","1","H","6","","40.0","50.0","5.400","5.400","0.019","0.158","","","","","","","","I 5_2"
"318","U1357","C","1","H","6","","70.0","80.0","5.700","5.700","0.0183","0.152","","","","","","","","I 5_3"
"318","U1357","C","1","H","6","","70.0","80.0","5.700","5.700","0.0188","0.157","","","","","","","","I 5_3"
"318","U1357","C","1","H","7","","70.0","80.0","6.700","6.700","0.018","0.150","","","","","","","","I 6_2"
"318","U1357","C","1","H","7","","70.0","80.0","6.700","6.700","0.0192","0.160","","","","","","","","I 6_2"
"318","U1357","C","1","H","8","","70.0","80.0","7.700","7.700","0.019","0.158","","","","","","","","I 7_2"
"318","U1357","C","1","H","8","","120.0","130.0","8.200","8.200","0.0195","0.162","","","","","","","","I 8_1"
"318","U1357","C","1","H","8","","120.0","130.0","8.200","8.200","0.0762","0.635","","","","","","","","I 8_1"
"318","U1358","B","1","R","1","W","11.0","12.0","0.110","0.110","0.336","2.800","","","","","","","",""
"318","U1359","A","1","H","1","W","43.0","44.0","0.430","0.390","0.020","0.167","0.2000","0.0000","0.0232","0.0200","","0.18","",""
"318","U1359","B","1","H","1","","30.0","40.0","0.300","0.300","0.003","0.025","","","","","","","","1_1_2"
"318","U1359","B","1","H","1","W","50.0","60.0","0.500","0.500","0.0031","0.026","","","","","","","","1_1_3"
"318","U1359","B","1","H","1","","70.0","80.0","0.700","0.700","0.0030","0.025","","","","","","","","1_1_4"
"318","U1359","B","1","H","1","","90.0","100.0","0.900","0.900","0.0031","0.026","","","","","","","","1_1_5"
"318","U1359","B","1","H","1","","110.0","120.0","1.100","1.090","0.0029","0.024","","","","","","","","1_1_6"
"318","U1359","B","1","H","1","","130.0","140.0","1.300","1.290","0.0031","0.026","","","","","","","","1_1_7"
"318","U1359","B","1","H","1","","130.0","140.0","1.300","1.290","0.0032","0.027","","","","","","","","1_1_7"
"318","U1359","B","1","H","2","","30.0","40.0","1.800","1.790","0.003","0.025","","","","","","","","1_2_2"
"318","U1359","B","1","H","2","","50.0","60.0","2.000","1.990","0.0033","0.027","","","","","","","","1_2_3"
"318","U1359","B","1","H","2","","70.0","80.0","2.200","2.190","0.0028","0.023","","","","","","","","1_2_4"
"318","U1359","B","1","H","2","","90.0","100.0","2.400","2.390","0.0033","0.027","","","","","","","","1_2_5"
"318","U1359","B","1","H","2","","110.0","120.0","2.600","2.580","0.0035","0.029","","","","","","","","1_2_6"
"318","U1359","B","1","H","2","","130.0","140.0","2.800","2.780","0.0033","0.027","","","","","","","","1_2_7"
"318","U1359","B","1","H","2","","130.0","140.0","2.800","2.780","0.0034","0.028","","","","","","","","1_2_7"
"318","U1359","B","1","H","3","","30.0","40.0","3.300","3.280","0.004","0.033","","","","","","","","1_3_2"
"318","U1359","B","1","H","3","","50.0","60.0","3.500","3.480","0.0033","0.027","","","","","","","","1_3_3"
"318","U1359","B","1","H","3","","70.0","80.0","3.700","3.680","0.0035","0.029","","","","","","","","1_3_4"
"318","U1359","B","1","H","3","","90.0","100.0","3.900","3.880","0.0037","0.031","","","","","","","","1_3_5"
"318","U1359","B","1","H","3","","110.0","120.0","4.100","4.070","0.0038","0.032","","","","","","","","1_3_6"
"318","U1359","B","1","H","3","","130.0","140.0","4.300","4.270","0.0039","0.032","","","","","","","","1_3_7"
"318","U1359","B","1","H","3","","130.0","140.0","4.300","4.270","0.0037","0.031","","","","","","","","1_3_7"
"318","U1359","B","1","H","4","","30.0","40.0","4.800","4.780","0.004","0.033","","","","","","","","1_4_2"
"318","U1359","B","1","H","4","","50.0","60.0","5.000","4.980","0.0037","0.031","","","","","","","","1_4_3"
"318","U1359","B","1","H","4","","70.0","80.0","5.200","5.180","0.0038","0.032","","","","","","","","1_4_4"
"318","U1359","B","1","H","4","","90.0","100.0","5.400","5.380","0.0037","0.031","","","","","","","","1_4_5"
"318","U1359","B","1","H","4","","110.0","120.0","5.600","5.570","0.0039","0.032","","","","","","","","1_4_6"
"318","U1359","B","1","H","4","","130.0","140.0","5.800","5.770","0.0038","0.032","","","","","","","","1_4_7"
"318","U1359","B","1","H","4","","130.0","140.0","5.800","5.770","0.0038","0.032","","","","","","","","1_4_7"
"318","U1359","B","1","H","5","","30.0","40.0","6.400","6.370","0.004","0.033","","","","","","","","1_5_2"
"318","U1359","B","1","H","5","","50.0","60.0","6.600","6.570","0.0039","0.032","","","","","","","","1_5_3"
"318","U1359","B","1","H","5","","70.0","80.0","6.800","6.770","0.0039","0.032","","","","","","","","1_5_4"
"318","U1359","B","1","H","5","","90.0","100.0","7.000","6.970","0.0040","0.033","","","","","","","","1_5_5"
"318","U1359","B","1","H","5","","110.0","120.0","7.200","7.160","0.0040","0.033","","","","","","","","1_5_6"
"318","U1359","B","1","H","5","","130.0","138.0","7.400","7.360","0.0042","0.035","","","","","","","","1_5_7"
"318","U1359","B","1","H","5","","130.0","138.0","7.400","7.360","0.0042","0.035","","","","","","","","1_5_7"
"318","U1360","A","1","R","1","W","27.0","28.0","0.270","0.270","0.082","0.683","","","","","","","",""
"318","U1361","A","1","H","4","W","40.0","41.0","4.900","4.890","0.033","0.275","0.1000","0.0000","0.0160","0.0200","","0.07","",""
"320","U1331","A","1","H","1","W","65.0","66.0","0.650","0.650","0.003","0.025","0.2375","0.0000","0.6700","10.2986","","0.23","",""
"320","U1331","A","1","H","2","W","65.0","66.0","2.150","2.150","0.007","0.058","0.5166","0.0000","0.0000","0.0000","","0.51","",""
"320","U1331","A","1","H","3","W","65.0","66.0","3.650","3.650","0.003","0.025","0.1395","0.0000","0.0000","0.0000","","0.14","",""
"320","U1331","A","1","H","3","W","65.0","66.0","3.650","3.650","","","47.3671","0.0000","19.4931","22.0951","","","",""
"320","U1332","A","1","H","1","W","64.0","65.0","0.640","0.640","0.0000","","0.1727","0.0000","0.0595","4.6018","0.18","","Acidification",""
"320","U1332","A","1","H","1","W","64.0","65.0","0.640","0.640","0.0000","","","0.0000","0.0649","0.0000","","","",""
"320","U1332","A","1","H","1","W","64.0","65.0","0.640","0.640","0.3267","2.722","","","","","","","",""
"320","U1332","A","1","H","2","W","65.0","66.0","2.150","2.150","0.005","0.042","0.7973","0.0000","0.0621","5.4765","0.17","0.79","Acidification",""
"320","U1332","A","1","H","2","W","65.0","66.0","2.150","2.150","","","","0.0000","0.0599","5.9088","","","",""
"320","U1332","A","1","H","3","W","25.0","26.0","3.250","3.240","0.026","0.217","0.1839","0.0000","0.0622","6.4362","","0.16","",""
"320","U1333","A","1","H","1","W","65.0","66.0","0.650","0.610","3.771","31.424","3.3360","0.0000","0.0137","0.0000","0.05","bdl","Acidification",""
"320","U1333","A","1","H","1","W","65.0","66.0","0.650","0.610","","","","0.0000","0.0000","0.0000","","","",""
"320","U1333","A","1","H","2","W","65.0","66.0","2.150","2.030","3.167","26.391","","","","","","","",""
"320","U1333","A","1","H","3","W","65.0","66.0","3.650","3.450","8.268","68.897","","","","","","","",""
"320","U1333","A","1","H","4","W","65.0","66.0","5.150","4.860","10.612","88.430","","","","","","","",""
"320","U1333","A","1","H","5","W","65.0","66.0","6.650","6.280","9.808","81.730","","","","","","","",""
"320","U1333","A","1","H","6","W","65.0","66.0","8.150","7.700","10.122","84.347","","","","","","","",""
"320","U1333","A","1","H","7","W","45.0","46.0","9.450","8.940","10.511","87.588","","","","","","","",""
"320","U1333","B","1","H","1","W","65.0","66.0","0.650","0.650","0.009","0.075","","","","","","","",""
"320","U1333","B","1","H","2","W","65.0","66.0","2.150","2.140","0.014","0.117","","","","","","","",""
"320","U1333","B","1","H","3","W","65.0","66.0","3.650","3.640","9.045","75.372","","","","","","","",""
"320","U1334","A","1","H","1","W","65.0","66.0","0.650","0.650","0.013","0.108","0.1985","0.0000","0.2318","5.4447","0.15","0.19","Acidification",""
"320","U1334","A","1","H","1","W","65.0","66.0","0.650","0.650","","","","0.0000","0.0603","0.0000","","","",""
"320","U1334","A","1","H","2","W","65.0","66.0","2.150","2.140","0.001","0.008","","","","","","","",""
"320","U1334","A","1","H","3","W","65.0","66.0","3.650","3.640","0.071","0.592","","","","","","","",""
"320","U1334","A","1","H","4","W","65.0","66.0","5.150","5.130","0.029","0.242","","","","","","","",""
"320","U1334","A","1","H","5","W","65.0","66.0","6.650","6.620","0.087","0.725","","","","","","","",""
"320","U1334","A","1","H","6","W","20.0","21.0","7.700","7.660","0.032","0.267","","","","","","","",""
"320","U1335","A","1","H","1","W","105.0","106.0","1.050","1.050","8.250","68.747","0.1063","0.0000","0.0286","0.4323","8.52","bdl","Acidification",""
"320","U1335","A","1","H","1","W","105.0","106.0","1.050","1.050","","","","0.0000","0.8022","0.0000","","","",""
"320","U1335","A","1","H","2","W","65.0","66.0","2.150","2.150","7.055","58.789","","","","","","","",""
"320","U1335","A","1","H","3","W","65.0","66.0","3.650","3.650","7.173","59.773","","","","","","","",""
"320","U1335","A","1","H","4","W","65.0","66.0","5.150","5.150","8.395","69.956","","","","","","","",""
"320","U1335","A","1","H","5","W","65.0","66.0","6.650","6.650","7.048","58.731","","","","","","","",""
"320","U1335","A","1","H","6","W","65.0","66.0","7.850","7.850","7.490","62.414","","","","","","","",""
"320","U1336","A","1","H","1","W","65.0","66.0","0.650","0.630","9.189","76.572","","","","","","","",""
"320","U1336","A","1","H","2","W","65.0","66.0","2.150","2.090","9.448","78.730","","","","","","","",""
"320","U1336","A","1","H","3","W","65.0","66.0","3.650","3.540","11.065","92.205","","","","","","","",""
"320","U1336","A","1","H","4","W","65.0","66.0","5.150","5.000","10.789","89.905","","","","","","","",""
"320","U1336","A","1","H","5","W","65.0","66.0","6.650","6.460","10.783","89.855","","","","","","","",""
"320","U1336","A","1","H","6","W","25.0","26.0","7.750","7.520","10.085","84.038","","","","","","","",""
"320","U1336","B","1","H","1","W","71.0","72.0","0.710","0.710","9.439","78.655","9.4948","0.0000","0.0140","0.0000","0.18","0.06","Acidification",""
"320","U1336","B","1","H","1","W","71.0","72.0","0.710","0.710","","","","0.0000","0.0000","0.4816","","","",""
"320T","U1330","B","1","H","3","W","75.0","77.0","3.750","3.750","","","10.5390","0.0000","0.0000","0.0000","","","",""
"321","U1338","A","1","H","1","W","20.0","21.0","0.200","0.200","9.434","78.614","9.6433","0.0000","0.0291","0.1337","0.20","0.21","Acidification",""
"321","U1338","A","1","H","1","W","40.0","41.0","0.400","0.400","9.887","82.388","10.2164","0.0000","0.5955","4.7759","0.31","0.33","Acidification",""
"321","U1338","A","1","H","1","W","40.0","41.0","0.400","0.400","10.177","84.805","10.3918","0.0000","0.5136","0.0000","0.26","0.21","Acidification",""
"321","U1338","A","1","H","1","W","60.0","61.0","0.600","0.590","9.923","82.688","10.2545","0.0000","0.0348","0.0465","0.40","0.33","Acidification",""
"321","U1338","A","1","H","1","W","60.0","61.0","0.600","0.590","10.250","85.413","10.4680","0.0000","0.0344","0.0212","0.26","0.22","Acidification",""
"321","U1338","A","1","H","1","W","64.0","65.0","0.640","0.630","9.973","83.105","10.2029","0.0000","0.5616","0.0000","0.28","0.23","Acidification",""
"321","U1338","A","1","H","1","W","64.0","65.0","0.640","0.630","8.068","67.231","8.2763","0.0000","0.0508","0.0000","0.26","0.21","Acidification",""
"321","U1338","A","1","H","1","W","80.0","81.0","0.800","0.790","7.181","59.839","7.4950","0.0000","0.6879","0.0000","0.46","0.31","Acidification",""
"321","U1338","A","1","H","1","W","80.0","81.0","0.800","0.790","","","","0.0000","0.0337","0.0000","","","",""
"321","U1338","A","1","H","1","W","100.0","101.0","1.000","0.990","","","","0.0000","0.5906","0.0000","","","",""
"321","U1338","A","1","H","1","W","100.0","101.0","1.000","0.990","","","","0.0000","0.6554","0.0000","","","",""
"321","U1338","A","1","H","1","W","120.0","121.0","1.200","1.190","","","","0.0000","0.0421","0.0000","","","",""
"321","U1338","A","1","H","1","W","120.0","121.0","1.200","1.190","","","","0.0000","0.6282","0.0000","","","",""
"321","U1338","A","1","H","1","W","140.0","141.0","1.400","1.380","","","","0.0000","0.0439","0.0000","","","",""
"321","U1338","A","1","H","1","W","140.0","141.0","1.400","1.380","","","","0.0000","0.5679","0.0000","","","",""
"321","U1338","A","1","H","1","W","140.0","141.0","1.400","1.380","","","","0.0000","0.0640","0.1235","","","",""
"321","U1338","A","1","H","2","W","10.0","11.0","1.600","1.580","7.162","59.681","7.3064","0.0000","0.5511","0.0000","0.20","0.14","Acidification",""
"321","U1338","A","1","H","2","W","50.0","51.0","2.000","1.970","8.319","69.322","8.4482","0.0000","0.0360","0.0000","0.15","0.13","Acidification",""
"321","U1338","A","1","H","2","W","50.0","51.0","2.000","1.970","9.123","76.022","9.3141","0.0000","0.0000","0.0000","0.24","0.19","Acidification",""
"321","U1338","A","1","H","2","W","68.0","69.0","2.180","2.150","9.095","75.789","9.1494","0.0000","0.0310","0.0000","0.31","0.05","Acidification",""
"321","U1338","A","1","H","2","W","68.0","69.0","2.180","2.150","","","","0.0000","0.5494","0.0000","","","",""
"321","U1338","A","1","H","2","W","90.0","91.0","2.400","2.370","","","","0.0000","0.0319","0.0000","","","",""
"321","U1338","A","1","H","2","W","90.0","91.0","2.400","2.370","","","","0.0000","0.5715","0.0000","","","",""
"321","U1338","A","1","H","2","W","90.0","91.0","2.400","2.370","","","","0.0000","0.0473","0.0000","","","",""
"323","U1339","A","1","H","2","","145.0","150.0","2.950","2.930","1.216","10.133","3.0500","","0.2300","0.2200","","1.83","","Ship SC Split"
"323","U1339","A","1","H","3","","145.0","150.0","4.450","4.420","0.285","2.375","1.1100","","0.1000","0.1500","","0.83","","Ship SC Split"
"323","U1339","B","1","H","1","","25.0","35.0","0.250","0.250","0.0000","","1.5600","","0.1900","0.0400","","","","Ship SC Split"
"323","U1339","B","1","H","1","W","50.0","60.0","0.500","0.500","0.131","1.092","1.5300","","0.1800","0.0600","","1.40","","Ship SC Split"
"323","U1339","B","1","H","1","","75.0","85.0","0.750","0.750","0.132","1.100","1.3400","","0.1600","0.0000","","1.21","","Ship SC Split"
"323","U1339","B","1","H","1","","100.0","110.0","1.000","1.000","0.620","5.166","1.1200","","0.0800","0.1900","","0.50","","Ship SC Split"
"323","U1339","B","1","H","1","","125.0","130.0","1.250","1.250","0.0000","","1.5700","","0.1800","0.1300","","","","Ship SC Split"
"323","U1339","B","1","H","1","","125.0","130.0","1.250","1.250","0.322","2.683","1.8200","","0.1900","0.2000","","1.50","","Ship SC Split"
"323","U1339","B","1","H","2","","25.0","35.0","1.750","1.750","0.394","3.283","1.6800","","0.1700","0.2800","","1.29","",""
"323","U1339","B","1","H","2","","50.0","60.0","2.000","2.000","0.608","5.066","1.9700","","0.1900","0.3200","","1.36","","Ship SC Split"
"323","U1339","B","1","H","2","","75.0","85.0","2.250","2.250","0.635","5.291","2.1500","","0.1900","0.3000","","1.51","","Ship SC Split"
"323","U1339","B","1","H","2","","125.0","130.0","2.750","2.750","0.0000","","1.5800","","0.1800","0.1600","","","","Ship SC Split"
"323","U1339","B","1","H","2","","125.0","130.0","2.750","2.750","1.598","13.316","3.4100","","0.2200","0.3600","","1.81","","Ship SC Split"
"323","U1339","B","1","H","3","","10.0","20.0","3.100","3.090","0.493","4.108","1.7200","","0.1400","0.2600","","1.23","","Ship SC Split"
"323","U1340","A","1","H","CC","","11.0","21.0","3.800","3.800","0.429","3.575","1.2616","0.0000","0.1053","0.1722","","0.83","",""
"323","U1341","A","1","H","1","","140.0","150.0","1.400","1.380","1.491","12.425","3.0043","0.0000","0.1727","0.2178","","1.51","","Ship SC Split"
"323","U1342","A","1","H","1","","148.0","155.0","1.480","1.480","0.752","6.266","1.4228","0.0000","0.0946","0.0655","","0.67","","Ship SC Split"
"323","U1342","B","1","H","1","","25.0","35.0","0.250","0.250","5.720","47.665","7.9138","0.0000","0.2502","0.0204","","2.19","","Ship SC Split"
"323","U1342","B","1","H","1","","50.0","60.0","0.500","0.500","2.090","17.416","3.2188","0.0000","0.1675","0.0122","","1.13","","Ship SC Split"
"323","U1342","B","1","H","1","","75.0","85.0","0.750","0.750","1.207","10.058","2.3934","0.0000","0.1586","0.0231","","1.19","","Ship SC Split"
"323","U1342","B","1","H","1","","100.0","110.0","1.000","0.990","1.081","9.008","2.0369","0.0000","0.1506","0.0467","","0.96","","Ship SC Split"
"323","U1342","B","1","H","1","","125.0","130.0","1.250","1.240","0.500","4.167","1.0616","0.0000","0.0997","0.0816","","0.56","","Ship SC Split"
"323","U1342","B","1","H","1","","125.0","130.0","1.250","1.240","1.051","8.758","2.0669","0.0000","0.1532","0.1137","","1.02","","Ship SC Split"
"323","U1342","B","1","H","2","","25.0","40.0","1.750","1.740","1.527","12.724","2.3731","0.0000","0.1330","0.0780","","0.85","","Ship SC Split"
"323","U1342","B","1","H","2","","50.0","65.0","2.000","1.990","1.6384","13.653","2.4541","0.0000","0.1395","0.0770","","0.82","","Ship SC Split"
"323","U1342","B","1","H","2","","75.0","90.0","2.250","2.240","1.0049","8.374","0.9593","0.0000","0.1062","0.1871","","bdl","","Ship SC Split"
"323","U1342","B","1","H","2","","100.0","115.0","2.500","2.480","0.3529","2.941","1.1842","0.0000","0.1387","0.1349","","0.83","","Ship SC Split"
"323","U1342","B","1","H","2","","125.0","140.0","2.750","2.730","0.2981","2.484","1.1596","0.0000","0.1385","0.2038","","0.86","","Ship SC Split"
"323","U1342","B","1","H","2","","125.0","140.0","2.750","2.730","0.3100","2.583","","","","","","","","Ship SC Split"
"323","U1342","B","1","H","3","","75.0","90.0","3.750","3.730","0.399","3.325","1.6076","0.0000","0.1657","0.2854","","1.21","","Ship SC Split"
"323","U1342","B","1","H","3","","75.0","90.0","3.750","3.730","0.200","1.667","1.1186","0.0000","0.1271","0.2333","","0.92","","Ship SC Split"
"323","U1342","B","1","H","4","","5.0","15.0","4.550","4.520","0.300","2.500","1.1637","0.0000","0.1175","0.2281","","0.86","","Ship SC Split"
"323","U1343","A","1","H","2","","140.0","150.0","2.900","2.900","0.316","2.633","1.7179","0.0000","0.1558","0.5429","","1.40","","Ship SC Split"
"323","U1344","A","1","H","2","","135.0","150.0","2.850","2.830","0.092","0.767","1.1126","0.0000","0.1084","0.2720","","1.02","","Ship SC Split"
"323","U1344","A","1","H","4","","140.0","150.0","5.900","5.870","0.149","1.242","1.1019","0.0000","0.1044","0.3749","","0.95","","Ship SC Split"
"323","U1344","A","1","H","5","","140.0","150.0","7.400","7.360","0.202","1.683","1.5169","0.0000","0.1525","0.5777","","1.31","","Ship SC Split"
"323","U1345","A","1","H","1","","140.0","150.0","1.400","1.400","0.432","3.600","1.8670","0.0000","0.1365","0.7249","","1.44","","Ship SC Split"
"323","U1345","A","1","H","2","","140.0","150.0","2.900","2.900","0.270","2.250","1.0226","0.0000","0.0827","0.2896","","0.75","","Ship SC Split"
"329","U1365","A","1","H","1","W","3.0","4.0","0.030","0.030","0.010","0.083","0.3200","","0.0510","","0.21","0.31","",""
"329","U1365","A","1","H","1","W","12.0","13.0","0.120","0.120","0.010","0.083","0.2700","","0.0490","","0.21","0.26","",""
"329","U1365","A","1","H","1","W","27.0","28.0","0.270","0.270","0.010","0.083","0.2100","","0.0460","","0.16","0.20","",""
"329","U1365","A","1","H","1","W","42.0","43.0","0.420","0.420","0.020","0.167","0.2000","","0.0470","","0.14","0.18","",""
"329","U1365","A","1","H","1","W","64.0","65.0","0.640","0.640","0.010","0.083","0.1600","","0.0460","","0.11","0.15","",""
"329","U1365","A","1","H","1","W","90.0","91.0","0.900","0.900","0.010","0.083","0.1700","","0.0400","","0.12","0.16","",""
"329","U1365","A","1","H","1","W","110.0","111.0","1.100","1.100","0.010","0.083","0.1300","","0.0390","","0.09","0.12","",""
"329","U1365","A","1","H","2","W","112.0","113.0","2.620","2.620","0.010","0.083","0.1000","","0.0330","","0.07","0.09","",""
"329","U1365","A","1","H","3","W","110.0","111.0","4.100","4.100","0.010","0.083","0.0900","","0.0330","","0.08","0.08","",""
"329","U1365","A","1","H","4","W","110.0","111.0","5.600","5.600","0.010","0.083","0.0500","","0.0100","","0.04","0.04","",""
"329","U1366","D","1","H","1","","0.0","1.0","0.000","0.000","0.030","0.250","0.1200","","0.0380","","0.07","0.09","",""
"329","U1366","D","1","H","1","","9.0","10.0","0.090","0.090","0.010","0.083","0.2000","","0.0440","","0.20","0.19","",""
"329","U1366","D","1","H","1","W","10.0","11.0","0.100","0.100","0.010","0.083","0.1700","","0.0460","","0.14","0.16","",""
"329","U1366","D","1","H","1","W","20.0","21.0","0.200","0.200","0.020","0.167","0.1200","","0.0390","","0.09","0.10","",""
"329","U1366","D","1","H","1","","30.0","40.0","0.300","0.300","0.010","0.083","0.1300","","0.0460","","0.09","0.12","",""
"329","U1366","D","1","H","1","W","48.0","49.0","0.480","0.480","0.010","0.083","0.1500","","0.0450","","0.09","0.14","",""
"329","U1366","D","1","H","1","","130.0","140.0","1.300","1.290","0.010","0.083","0.1200","","0.0430","","0.08","0.11","",""
"329","U1366","D","1","H","1","W","130.0","140.0","1.300","1.290","0.020","0.167","0.1200","","0.0410","","0.08","0.10","","Ship SC Split"
"329","U1366","D","1","H","2","","80.0","90.0","2.300","2.290","0.020","0.167","0.1000","","0.0360","","0.06","0.08","",""
"329","U1366","D","1","H","2","","130.0","140.0","2.800","2.780","0.020","0.167","0.0900","","0.0360","","0.05","0.07","",""
"329","U1366","D","1","H","2","","130.0","140.0","2.800","2.780","0.020","0.167","0.0800","","0.0320","","0.05","0.06","",""
"329","U1366","D","1","H","3","","130.0","140.0","4.300","4.280","0.030","0.250","0.0800","","0.0330","","0.05","0.05","",""
"329","U1366","D","1","H","4","","130.0","140.0","5.800","5.770","0.020","0.167","0.0700","","0.0230","","0.04","0.05","",""
"329","U1366","D","1","H","5","","130.0","140.0","7.300","7.260","0.050","0.417","0.0600","","0.0200","","0.04","0.01","",""
"329","U1366","D","1","H","7","","10.0","20.0","8.800","8.760","0.050","0.417","0.0900","","0.0220","","0.04","0.04","",""
"329","U1367","B","1","H","1","W","0.0","1.0","0.000","0.000","2.530","21.082","2.7900","","0.0290","","0.17","0.26","",""
"329","U1367","B","1","H","1","W","10.0","11.0","0.100","0.100","1.020","8.500","1.2100","","0.0260","","0.14","0.19","",""
"329","U1367","B","1","H","1","W","25.0","26.0","0.250","0.250","0.210","1.750","0.3500","","0.0250","","0.12","0.14","",""
"329","U1367","B","1","H","1","W","45.0","46.0","0.450","0.440","0.100","0.833","0.1900","","0.0150","","0.10","0.09","",""
"329","U1367","B","1","H","1","W","68.0","69.0","0.680","0.670","0.090","0.750","0.1600","","0.0150","","0.07","0.07","",""
"329","U1367","B","1","H","1","W","99.0","100.0","0.990","0.980","0.080","0.667","0.1500","","0.0140","","0.07","0.07","",""
"329","U1367","B","1","H","2","W","100.0","101.0","2.500","2.470","0.080","0.667","0.1300","","0.0080","","0.06","0.05","",""
"329","U1367","B","1","H","3","W","100.0","101.0","4.000","3.950","0.130","1.083","0.1400","","0.0050","","0.03","0.01","",""
"329","U1367","B","1","H","4","W","90.0","91.0","5.400","5.330","0.650","5.416","0.6900","","0.0040","","0.04","0.04","",""
"329","U1368","B","1","H","1","W","0.0","1.0","0.000","0.000","9.280","77.330","9.3100","","0.0140","","0.09","0.03","",""
"329","U1368","B","1","H","1","W","9.0","10.0","0.090","0.090","8.500","70.831","8.5500","","0.0000","","0.06","0.05","",""
"329","U1368","B","1","H","1","W","25.0","26.0","0.250","0.250","9.570","79.747","9.5200","","0.0000","","0.04","bdl","",""
"329","U1368","B","1","H","1","W","45.0","46.0","0.450","0.450","9.670","80.580","9.6400","","0.0000","","0.02","bdl","",""
"329","U1368","B","1","H","1","W","70.0","71.0","0.700","0.700","9.470","78.914","9.5600","","0.0000","","0.02","0.09","",""
"329","U1368","B","1","H","1","W","99.0","100.0","0.990","0.990","9.660","80.497","9.8000","","0.0000","","0.01","0.14","",""
"329","U1368","B","1","H","1","W","135.0","136.0","1.350","1.350","9.900","82.497","9.7700","","0.0000","","0.01","bdl","",""
"329","U1368","B","1","H","2","W","135.0","136.0","2.850","2.850","9.920","82.663","9.9600","","0.0000","","0.02","0.04","",""
"329","U1368","B","1","H","3","W","135.0","136.0","4.350","4.350","10.490","87.413","10.5100","","0.0000","","0.01","0.02","",""
"329","U1369","B","1","H","1","W","10.0","11.0","0.100","0.100","0.010","0.083","0.2400","","0.0700","","0.19","0.23","",""
"329","U1369","B","1","H","1","W","25.0","26.0","0.250","0.250","0.010","0.083","0.2000","","0.0690","","0.18","0.19","",""
"329","U1369","B","1","H","1","W","45.0","46.0","0.450","0.450","0.010","0.083","0.1700","","0.0550","","0.13","0.16","",""
"329","U1369","B","1","H","1","W","70.0","71.0","0.700","0.700","0.010","0.083","0.1400","","0.0530","","0.12","0.13","",""
"329","U1369","B","1","H","1","W","100.0","101.0","1.000","1.000","0.010","0.083","0.1300","","0.0480","","0.12","0.12","",""
"329","U1369","B","1","H","1","W","135.0","136.0","1.350","1.350","0.010","0.083","0.1200","","0.0410","","0.11","0.11","",""
"329","U1369","B","1","H","2","W","135.0","136.0","2.850","2.850","0.010","0.083","0.0800","","0.0260","","0.07","0.07","",""
"329","U1369","B","1","H","3","W","135.0","136.0","4.350","4.350","0.010","0.083","0.0800","","0.0250","","0.06","0.07","",""
"329","U1369","B","1","H","4","W","128.0","129.0","5.780","5.780","0.020","0.167","0.0600","","0.0200","","0.05","0.04","",""
"329","U1370","E","1","H","1","","5.0","7.0","0.050","0.050","0.010","0.083","0.3000","","0.0790","","0.25","0.29","","TOC sample taken off core"
"329","U1370","E","1","H","1","","13.0","15.0","0.130","0.130","0.0000","","0.2300","","0.0690","","0.21","","","TOC sample taken off core"
"329","U1370","E","1","H","1","","43.0","45.0","0.430","0.430","0.010","0.083","0.1900","","0.0630","","0.18","0.18","","TOC sample taken off core"
"329","U1370","E","1","H","1","","50.0","52.0","0.500","0.500","0.010","0.083","0.1900","","0.0610","","0.16","0.18","","TOC sample taken off core"
"329","U1370","E","1","H","1","","90.0","92.0","0.900","0.900","0.010","0.083","0.1300","","0.0550","","0.12","0.12","","TOC sample taken off core"
"329","U1370","E","1","H","1","","98.0","100.0","0.980","0.980","0.010","0.083","0.1300","","0.0530","","0.12","0.12","","TOC sample taken off core"
"329","U1370","E","1","H","1","","140.0","142.0","1.400","1.400","0.010","0.083","0.1200","","0.0520","","0.11","0.11","","TOC sample taken off core"
"329","U1370","E","1","H","1","","148.0","150.0","1.480","1.480","0.0000","","0.1300","","0.0520","","0.11","","","TOC sample taken off core"
"329","U1370","E","1","H","2","","90.0","100.0","2.400","2.400","0.010","0.083","0.1100","","0.0520","","0.10","0.10","","used for shipboard TOC"
"329","U1370","E","1","H","2","W","140.0","150.0","2.900","2.900","0.0000","","0.1100","","0.0530","","0.10","","","used for shipboard TOC"
"329","U1370","E","1","H","2","","140.0","150.0","2.900","2.900","0.0000","","0.1100","","0.0520","","0.10","","","used for shipboard TOC"
"329","U1370","E","1","H","3","","90.0","100.0","3.900","3.900","0.0000","","0.1000","","0.0500","","0.09","","","used for shipboard TOC"
"329","U1370","E","1","H","3","","140.0","150.0","4.400","4.400","0.0000","","0.0900","","0.0470","","0.09","","","used for shipboard TOC"
"329","U1370","E","1","H","3","","140.0","150.0","4.400","4.400","0.010","0.083","0.0900","","0.0420","","0.08","0.08","","used for shipboard TOC"
"329","U1370","E","1","H","4","","142.0","152.0","5.920","5.920","0.010","0.083","0.0700","","0.0320","","0.07","0.06","","used for shipboard TOC"
"329","U1371","E","1","H","1","","0.0","2.0","0.000","0.000","0.010","0.083","0.2500","","0.0470","","0.22","0.24","",""
"329","U1371","E","1","H","1","","8.0","10.0","0.080","0.080","0.0000","","0.2200","","0.0490","","0.20","","",""
"329","U1371","E","1","H","1","","40.0","42.0","0.400","0.400","0.0000","","0.1800","","0.0420","","0.15","","",""
"329","U1371","E","1","H","1","","48.0","50.0","0.480","0.480","0.010","0.083","0.1800","","0.0420","","0.16","0.17","",""
"329","U1371","E","1","H","1","","90.0","92.0","0.900","0.890","0.010","0.083","0.1300","","0.0350","","0.13","0.12","",""
"329","U1371","E","1","H","1","","98.0","100.0","0.980","0.970","0.0000","","0.1300","","0.0330","","0.12","","",""
"329","U1371","E","1","H","1","","140.0","142.0","1.400","1.390","0.0000","","0.1800","","0.0410","","0.16","","",""
"329","U1371","E","1","H","1","","148.0","150.0","1.480","1.470","0.0000","","0.1800","","0.0420","","0.16","","",""
"329","U1371","E","1","H","2","","90.0","100.0","2.400","2.380","0.0000","","0.1500","","0.0360","","0.14","","","used for shipboard TOC"
"329","U1371","E","1","H","2","","140.0","150.0","2.900","2.880","0.0000","","0.1400","","0.0360","","0.13","","","used for shipboard TOC"
"329","U1371","E","1","H","2","","140.0","150.0","2.900","2.880","0.010","0.083","0.1200","","0.0300","","0.12","0.11","","used for shipboard TOC"
"329","U1371","E","1","H","3","","140.0","150.0","4.400","4.370","0.0000","","0.1600","","0.0400","","0.16","","","used for shipboard TOC"
"329","U1371","E","1","H","3","","140.0","150.0","4.400","4.370","0.0000","","0.1800","","0.0410","","0.16","","","used for shipboard TOC"
"329","U1371","E","1","H","5","","140.0","150.0","7.400","7.350","0.0000","","0.1500","","0.0360","","0.13","","","used for shipboard TOC"
"330","U1374","A","1","R","1","W","103.0","104.0","1.030","1.030","10.222","85.180","10.6000","0.0000","0.0070","","","0.38","",""
"330","U1374","A","1","R","1","W","138.0","139.0","1.380","1.380","9.463","78.855","9.5700","0.0000","0.0000","","","0.11","",""
"330","U1374","A","1","R","2","W","96.0","97.0","2.460","2.460","10.038","83.647","10.3200","0.0100","0.0160","","","0.28","",""
"330","U1374","A","1","R","3","W","86.0","87.0","3.860","3.860","10.118","84.313","10.4000","0.0000","0.0000","","","0.28","",""
"330","U1374","A","1","R","4","","145.0","150.0","5.950","5.950","7.673","63.939","8.4800","0.0000","0.0070","","","0.81","",""
"330","U1374","A","1","R","5","W","34.0","35.0","6.340","6.340","7.340","61.164","7.3900","0.0000","0.0090","","","0.05","",""
"334","U1378","B","1","H","1","","138.0","150.0","1.380","1.365","1.211","10.091","3.2000","","0.2730","","","1.99","","ICP, TOC, IC "
"334","U1378","B","1","H","2","","138.0","150.0","2.880","2.848","1.017","8.475","2.6100","","0.2340","","","1.59","","ICP, TOC, IC "
"334","U1378","B","1","H","3","","138.0","150.0","4.380","4.331","1.164","9.700","2.6400","","0.2130","","","1.48","","ICP, TOC, IC "
"334","U1378","B","1","H","4","","46.0","58.0","4.960","4.905","1.460","12.166","2.7400","","0.1860","","","1.28","","ICP, TOC, IC "
"334","U1379","C","1","H","1","","140.0","150.0","1.400","1.400","1.062","8.850","1.6880","","0.0416","","","0.63","","ICP, TOC, IC "
"334","U1379","C","1","H","2","","140.0","150.0","2.900","2.900","0.580","4.833","1.2800","","0.8435","","","0.70","","ICP, TOC, IC "
"334","U1379","C","1","H","3","","140.0","150.0","4.400","4.400","","","1.3800","","0.6841","","","","","ICP, TOC, IC "
"334","U1379","C","1","H","3","W","140.0","150.0","4.400","4.400","","","1.3000","","0.0500","","","","","ICP, TOC, IC "
"334","U1379","C","1","H","4","","140.0","150.0","5.900","5.900","0.535","4.458","1.2900","","0.8111","","","0.76","","ICP, TOC, IC "
"334","U1379","C","1","H","5","","50.0","63.0","6.500","6.500","0.594","4.950","1.3200","","0.0590","","","0.73","","ICP, TOC, IC "
"334","U1379","C","1","H","5","","50.0","63.0","6.500","6.500","","","1.3500","","0.8226","","","","","ICP, TOC, IC "
"339","U1385","B","1","H","3","","145.0","150.0","4.450","4.421","3.182","26.516","","","","","","","","1/8 - Ship sample"
"339","U1386","A","1","H","1","W","50.0","51.0","0.500","0.500","3.982","33.182","5.1000","0.0000","0.0760","0.0000","","1.12","",""
"339","U1386","A","1","H","2","W","50.0","51.0","2.000","2.000","3.317","27.641","4.6800","0.0000","0.0960","0.0000","","1.36","",""
"339","U1386","A","1","H","3","W","50.0","51.0","3.500","3.500","3.316","27.632","4.2800","0.0000","0.0670","0.0000","","0.96","",""
"339","U1387","A","1","H","4","W","69.0","70.0","4.720","4.654","4.061","33.840","4.8200","0.0000","0.0560","0.0000","","0.76","",""
"339","U1388","A","1","H","2","W","115.0","116.0","2.650","2.334","3.609","30.074","3.6900","3.9400","0.0160","0.0000","","0.08","",""
"339","U1389","A","1","H","3","W","96.0","97.0","3.960","3.960","3.404","28.366","4.4000","0.0000","0.0820","0.0000","","1.00","",""
"339","U1389","A","1","H","CC","","21.0","26.0","4.250","4.250","3.710","30.915","4.4600","0.0000","0.1180","0.0000","","0.75","",""
"339","U1389","D","1","H","4","W","40.0","50.0","4.900","4.900","3.542","29.515","","","","","","","",""
"339","U1390","A","1","H","2","W","126.0","127.0","2.760","2.738","3.037","25.307","3.9700","0.0000","0.1010","0.0000","","0.93","",""
"339","U1391","A","1","H","3","W","75.0","76.0","3.750","3.696","3.276","27.299","4.1900","0.0000","0.0840","0.0000","","0.91","",""
"340","U1393","A","1","H","1","W","78.0","79.0","0.780","0.769","0.032","0.267","0.0300","0.0000","0.0010","0.0000","","bdl","",""
"340","U1394","A","1","H","2","W","94.0","95.0","2.440","2.425","8.883","74.022","9.8000","0.0000","0.0240","0.0000","","0.92","","greenish layers; Residue split with SUBR"
"340","U1394","A","1","H","4","W","24.0","25.0","4.240","4.199","8.098","67.481","9.0400","0.0000","0.0240","0.0000","","0.94","","Residue split with SUBR"
"340","U1395","A","1","H","1","W","85.0","86.0","0.850","0.850","","","7.8300","0.0000","0.0500","0.0000","","","",""
"340","U1395","A","1","H","2","W","55.0","56.0","2.050","1.938","8.866","73.880","9.7800","0.0000","0.0110","0.0000","","0.91","",""
"340","U1396","A","1","H","1","W","77.0","78.0","0.770","0.770","7.048","58.731","7.9200","0.0000","0.0040","0.0000","","0.87","",""
"340","U1396","A","1","H","4","W","78.0","79.0","5.280","5.256","6.735","56.123","7.4600","0.0000","0.0020","0.0000","","0.72","",""
"340","U1398","A","1","H","1","W","27.0","28.0","0.270","0.264","1.696","14.133","3.2100","0.0000","0.0000","0.0000","","1.51","",""
"340","U1398","A","1","H","1","W","68.0","69.0","0.680","0.665","1.331","11.091","1.7300","0.0000","0.0000","0.0000","","0.40","",""
"340","U1399","A","1","H","1","W","73.0","74.0","0.730","0.730","3.627","30.224","4.2600","0.0000","0.0360","0.0000","","0.63","",""
"340","U1399","A","1","H","2","W","9.0","10.0","1.590","1.590","0.262","2.183","0.3300","0.0000","-0.0040","0.0000","","0.07","","volc sand w. carbonate!"
"340","U1400","A","1","H","1","W","40.0","41.0","0.400","0.390","1.270","10.583","1.5500","0.0000","0.0250","0.0000","","0.28","",""
"340","U1400","B","1","H","1","W","19.0","20.0","0.190","0.189","2.197","18.308","2.6600","0.0000","0.0490","0.0000","","0.46","",""
"340","U1400","B","1","H","2","W","105.0","106.0","2.550","2.543","1.320","11.000","1.6100","0.0000","0.0140","0.0000","","0.29","",""
"341","U1417","A","1","H","1","W","24.0","26.0","0.240","0.240","0.020","0.167","0.1641","","0.1344","0.0000","","0.14","",""
"341","U1417","A","1","H","1","W","71.0","73.0","0.710","0.710","0.074","0.617","0.1377","","0.1347","0.0000","","0.06","",""
"341","U1417","A","1","H","1","","145.0","150.0","1.450","1.429","0.158","1.317","0.6186","","0.1494","0.0000","","0.46","","1/4 squeeze cake, freeze dried"
"341","U1417","A","1","H","2","W","72.0","73.0","2.220","2.198","0.115","0.958","0.5858","","0.1362","0.0000","","0.47","",""
"341","U1417","A","1","H","3","","145.0","150.0","4.450","4.385","0.199","1.658","0.7944","","0.1390","0.0000","","0.60","","1/4 squeeze cake, freeze dried"
"341","U1418","A","1","H","1","W","90.0","91.0","0.900","0.887","0.015","0.125","0.3047","0.0000","0.0404","","","0.29","","diatom ooze"
"341","U1418","A","1","H","2","W","90.0","92.0","2.400","2.365","0.485","4.042","1.0109","0.0000","0.0439","","","0.53","","diatom rich mud holocene"
"341","U1418","A","1","H","3","W","50.0","51.0","3.500","3.450","0.381","3.175","0.9319","0.0000","0.0468","","","0.55","","diatom rich mud Holocene"
"341","U1418","A","1","H","4","W","86.0","87.0","4.560","4.495","0.245","2.042","0.6815","0.0000","0.0441","","","0.44","","mud deglacial?"
"341","U1419","A","1","H","1","W","60.0","61.0","0.600","0.598","0.184","1.533","1.0501","0.0000","0.0681","","","0.87","","green ooze"
"341","U1419","A","1","H","5","W","90.0","91.0","6.900","6.872","0.422","3.517","0.9982","0.0000","0.0262","","","0.58","","gray mud"
"341","U1421","A","1","H","1","W","44.0","45.0","0.440","0.439","0.342","2.850","1.2537","0.0000","0.0846","","","0.91","",""
"342","U1402","B","1","H","1","W","116.0","118.0","1.160","1.157","0.303","2.525","2.0600","0.0000","0.0810","0.0000","","1.76","",""
"342","U1402","B","1","H","2","W","116.0","118.0","2.660","2.653","0.225","1.875","2.1700","0.0000","0.1020","0.0000","","1.94","",""
"342","U1402","B","1","H","5","W","75.0","77.0","6.750","6.731","0.264","2.200","2.4600","0.0000","0.1080","0.0000","","2.20","",""
"342","U1403","A","1","H","1","W","38.0","39.0","0.380","0.377","4.143","34.524","12.8600","0.0000","0.0750","0.0000","","8.72","",""
"342","U1403","A","1","H","2","W","38.0","39.0","1.880","1.864","3.025","25.207","9.1300","0.0000","0.0330","0.0000","","6.11","",""
"342","U1403","A","1","H","3","W","42.0","43.0","3.420","3.390","0.055","0.458","0.4300","0.0000","0.0780","0.0000","","0.38","",""
"342","U1403","A","1","H","4","W","38.0","39.0","4.880","4.839","","","0.4100","0.0000","0.0820","0.0000","","","",""
"342","U1404","A","1","H","1","W","38.0","39.0","0.380","0.378","0.433","3.608","1.5600","0.0000","0.0750","0.0000","","1.13","",""
"342","U1404","A","1","H","2","W","26.0","27.0","1.760","1.753","0.051","0.425","0.3900","0.0000","0.1920","0.0000","","0.34","",""
"342","U1404","A","1","H","3","W","20.0","21.0","2.910","2.898","0.065","0.542","0.3900","0.0000","0.0840","0.0000","","0.33","",""
"342","U1404","A","1","H","4","W","29.0","30.0","3.990","3.973","0.053","0.442","0.4000","0.0000","0.0970","0.0000","","0.35","",""
"342","U1405","A","1","H","1","W","46.0","47.0","0.460","0.460","5.131","42.757","5.0700","0.0000","0.0480","0.0000","","bdl","",""
"342","U1405","A","1","H","2","W","70.0","71.0","2.200","2.200","4.882","40.682","5.0700","0.0000","0.0900","0.0000","","0.19","",""
"342","U1405","A","1","H","3","W","38.0","39.0","3.380","3.380","3.991","33.257","4.0800","0.0000","0.0690","0.0000","","0.09","",""
"342","U1405","A","1","H","4","W","38.0","39.0","4.880","4.880","2.793","23.274","2.8700","0.0000","0.0840","0.0000","","0.08","",""
"342","U1406","A","1","H","1","W","38.0","39.0","0.380","0.377","7.024","58.531","7.3600","0.0000","0.3590","0.0000","","0.34","",""
"342","U1406","A","1","H","2","W","38.0","39.0","1.880","1.865","6.137","51.140","5.8800","0.0000","0.0400","0.0000","","bdl","",""
"342","U1406","A","1","H","2","W","38.0","39.0","1.880","1.865","5.0312","41.925","","","","","","","","gray mud"
"342","U1406","A","1","H","3","W","38.0","39.0","3.380","3.353","6.555","54.623","6.5300","0.0000","0.0680","0.0000","","bdl","",""
"342","U1406","A","1","H","4","W","22.0","23.0","4.720","4.682","5.984","49.865","5.9200","0.0000","0.0350","0.0000","","bdl","",""
"342","U1406","A","1","H","5","W","15.0","16.0","5.650","5.605","3.820","31.832","3.7500","0.0000","0.0470","0.0000","","bdl","",""
"342","U1407","A","1","H","1","W","39.0","40.0","0.390","0.389","4.226","35.215","4.4600","0.0000","0.0300","0.0000","","0.23","",""
"342","U1407","A","1","H","2","W","39.0","40.0","1.890","1.887","2.826","23.549","2.9500","0.0000","0.0520","0.0000","","0.12","",""
"342","U1407","A","1","H","2","W","39.0","40.0","1.890","1.887","2.7376","22.812","","","","","","","",""
"342","U1407","A","1","H","3","W","39.0","40.0","3.390","3.385","7.613","63.439","7.4200","0.0000","0.0240","0.0000","","bdl","",""
"342","U1407","A","1","H","3","W","39.0","40.0","3.390","3.385","7.4239","61.863","","","","","","","",""
"342","U1407","A","1","H","4","W","38.0","39.0","4.880","4.872","4.181","34.840","4.3500","0.0000","0.0320","0.0000","","0.17","",""
"342","U1407","A","1","H","5","W","20.0","21.0","6.200","6.191","4.986","41.548","5.5000","0.0000","0.0320","0.0000","","0.51","",""
"342","U1408","A","1","H","1","W","37.0","38.0","0.370","0.363","3.946","32.882","4.0100","0.0000","0.0480","0.0000","","0.06","",""
"342","U1408","A","1","H","2","W","37.0","38.0","1.870","1.836","5.227","43.557","5.0500","0.0000","0.0500","0.0000","","bdl","",""
"342","U1408","A","1","H","3","W","32.0","33.0","3.320","3.259","4.931","41.090","5.4400","0.0000","0.0370","0.0000","","0.51","",""
"342","U1409","A","1","H","1","W","26.0","27.0","0.260","0.260","3.304","27.532","3.9500","0.0000","0.1790","0.0000","","0.65","",""
"342","U1410","A","1","H","1","W","148.0","149.0","1.480","1.475","5.758","47.981","5.9200","0.0000","0.0560","0.0000","","0.16","",""
"342","U1410","A","1","H","2","W","38.0","39.0","1.880","1.874","6.037","50.306","6.4700","0.0000","0.0770","0.0000","","0.43","",""
"342","U1410","A","1","H","3","W","61.0","62.0","3.610","3.598","2.362","19.683","1.6900","0.0000","0.0750","0.0000","","bdl","",""
"342","U1410","A","1","H","4","W","46.0","47.0","4.960","4.942","2.925","24.374","3.1300","0.0000","0.0560","0.0000","","0.21","",""
"342","U1410","A","1","H","5","W","31.0","32.0","6.310","6.288","4.162","34.682","4.5500","0.0000","0.1060","0.0000","","0.39","",""
"342","U1410","A","1","H","6","W","20.0","21.0","7.700","7.673","7.314","60.948","7.6600","0.0000","0.0250","0.0000","","0.35","",""
"342","U1410","A","1","H","6","W","20.0","21.0","7.700","7.673","7.9617","66.345","","","","","","","",""
"344","U1381","C","1","H","1","W","38.0","39.0","0.380","0.377","1.362","11.350","3.4400","0.0000","0.1970","0.0000","","2.08","",""
"344","U1381","C","1","H","3","W","46.0","47.0","3.460","3.435","0.196","1.633","2.0200","0.0000","0.1670","0.0000","","1.82","",""
"344","U1381","C","1","H","3","W","140.0","141.0","4.400","4.368","0.414","3.450","2.3900","0.0000","0.1840","0.0000","","1.98","",""
"344","U1381","C","1","H","5","W","136.0","137.0","7.360","7.306","","","2.0200","0.0000","0.1560","0.0000","","","",""
"344","U1412","A","1","H","2","W","133.0","134.0","2.830","2.830","0.544","4.533","2.3700","","0.1600","","","1.83","",""
"344","U1412","A","1","H","4","W","2.0","3.0","4.520","4.520","0.301","2.508","1.7000","","0.1400","","","1.40","",""
"344","U1412","A","1","H","4","W","93.0","94.0","5.430","5.430","1.153","9.608","2.9700","","0.1400","","","1.82","",""
"344","U1412","B","1","H","5","W","2.0","3.0","5.770","5.736","0.717","5.975","2.5300","0.0000","0.1670","0.0000","","1.81","",""
"344","U1412","B","1","H","5","W","2.0","3.0","5.770","5.736","","","2.6000","0.0000","0.0000","0.0000","","","",""
"344","U1413","A","1","H","2","W","136.0","137.0","2.860","2.839","1.211","10.091","3.0600","0.0000","0.1790","0.0000","","1.85","",""
"344","U1413","A","1","H","4","W","107.0","108.0","5.570","5.528","1.373","11.441","2.8100","0.0000","0.1210","0.0000","","1.44","",""
"344","U1413","B","1","H","2","W","139.0","140.0","2.890","2.869","0.908","7.566","3.1100","0.0000","0.1750","0.0000","","2.20","",""
"344","U1413","B","1","H","4","W","98.0","99.0","5.480","5.439","5.441","45.340","6.8900","0.0000","0.0800","0.0000","","1.45","",""
"344","U1413","B","1","H","4","W","98.0","99.0","5.480","5.439","5.4067","45.054","","","","","","","",""
"344","U1414","A","1","H","1","W","49.0","50.0","0.490","0.488","0.334","2.783","2.2200","0.0000","0.2260","0.0000","","1.89","",""
"344","U1414","A","1","H","2","W","61.0","62.0","1.220","1.214","0.362","3.017","2.2600","0.0000","0.2150","0.0000","","1.90","",""
"345","U1415","E","1","R","1","W","44.0","47.0","0.440","0.440","","","0.0900","0.9500","","","","","",""
"345","U1415","H","1","R","1","W","17.0","23.0","0.170","0.170","","","0.1400","1.3800","","","","","",""
"346","U1422","A","1","H","1","","145.0","150.0","1.450","1.383","","","1.2310","","0.2798","0.7922","","","","ship split, carb"
"346","U1422","A","1","H","4","","145.0","150.0","5.950","5.675","","","1.6548","","0.3341","0.6653","","","","ship split, carb"
"346","U1422","C","1","H","1","","145.0","150.0","1.450","1.438","0.113","0.942","1.2164","","0.2848","4.0733","","1.10","","ship split, carb"
"346","U1422","C","1","H","3","","135.0","140.0","4.350","4.312","0.027","0.225","1.7610","","0.3549","0.3533","","1.73","","ship split, carb"
"346","U1423","A","1","H","1","","145.0","150.0","1.450","1.450","0.137","1.142","2.2456","","0.3118","0.4011","","2.11","","ship split, carb"
"346","U1423","A","1","H","4","","145.0","150.0","5.950","5.950","0.060","0.500","0.3999","","0.1479","0.0570","","0.34","","ship split, carb"
"346","U1424","A","1","H","1","W","20.0","22.0","0.200","0.200","0.036","0.300","0.7307","","0.2272","0.2658","","0.69","","red iron"
"346","U1424","A","1","H","1","W","26.0","28.0","0.260","0.260","0.046","0.383","0.5185","","0.1945","0.2431","","0.47","","black manganese"
"346","U1424","A","1","H","1","W","80.0","82.0","0.800","0.800","0.684","5.700","1.2307","","0.2065","0.2521","","0.55","","degacial light dark"
"346","U1424","A","1","H","1","W","113.0","115.0","1.130","1.130","0.347","2.892","1.3541","","0.2138","4.2388","","1.01","","lgm light dark"
"346","U1424","A","1","H","1","","145.0","150.0","1.450","1.450","0.167","1.392","1.9453","","0.2941","3.3498","","1.78","","ship split, carb"
"346","U1424","A","1","H","3","W","25.0","27.0","3.250","3.250","0.032","0.267","2.6651","","0.3680","4.8258","","2.63","","is19 light dark"
"346","U1424","A","1","H","3","W","41.0","43.0","3.410","3.410","0.044","0.367","3.8995","","0.4658","3.2070","","3.86","","is20 dark"
"346","U1424","A","1","H","3","W","74.0","76.0","3.740","3.740","0.042","0.350","1.2443","","0.2651","0.3832","","1.20","","is21 very light dark"
"346","U1424","A","1","H","3","W","81.5","83.5","3.815","3.815","0.035","0.292","2.2850","","0.3471","0.4702","","2.25","","is21 base dark"
"346","U1424","A","1","H","3","W","87.0","89.0","3.870","3.870","0.034","0.283","0.5420","","0.1749","0.2294","","0.51","","pre-is21 light"
"346","U1424","A","1","H","4","W","44.0","46.0","4.940","4.940","3.854","32.115","7.0133","","0.3623","2.3978","","3.16","","mis5 end hi prod light dark"
"346","U1424","A","1","H","4","W","121.0","123.0","5.710","5.710","0.037","0.308","0.1207","","0.1552","0.3079","","0.08","","mis5 green layer"
"346","U1424","A","1","H","5","W","10.0","12.0","6.100","6.100","0.040","0.333","1.4575","","0.2437","3.0788","","1.42","","mis6 light dark"
"346","U1424","A","1","H","5","W","10.0","12.0","6.100","6.100","0.0354","0.295","","","","","","","","mis6 light dark"
"346","U1425","A","1","H","1","","145.0","150.0","1.450","1.450","0.501","4.175","1.8158","","0.2577","1.0097","","1.31","","ship split, carb"
"346","U1425","A","1","H","4","","145.0","150.0","5.950","4.462","0.752","6.266","2.0586","","0.2392","1.5514","","1.31","","ship split, carb"
"346","U1425","B","1","H","1","W","14.0","16.0","0.140","0.140","0.045","0.375","1.8056","","0.2817","0.3430","","1.76","","red iron equivalent"
"346","U1425","B","1","H","1","W","46.0","48.0","0.460","0.460","0.049","0.408","3.8070","","0.4300","0.6889","","3.76","","black Mn equivalent"
"346","U1425","B","1","H","1","W","75.0","77.0","0.750","0.750","1.428","11.900","1.7973","","0.1894","0.2368","","0.37","","deglacial light dark"
"346","U1425","B","1","H","1","W","113.0","115.0","1.130","1.130","0.948","7.900","2.1592","","0.2005","1.8933","","1.21","","lgm light dark"
"346","U1425","B","1","H","1","","145.0","150.0","1.450","1.450","1.343","11.191","2.2769","","0.1894","1.9403","","0.93","","ship split, carb"
"346","U1425","B","1","H","3","W","105.0","107.0","4.050","4.041","1.040","8.666","4.0832","","0.3493","2.6558","","3.04","","is19 light dark"
"346","U1425","B","1","H","3","W","132.0","134.0","4.320","4.310","0.305","2.542","4.9881","","0.5220","3.5850","","4.68","","is20 light dark"
"346","U1425","B","1","H","4","W","16.0","18.0","4.660","4.650","0.137","1.142","4.4527","","0.5259","1.0311","","4.32","","is21 light dark"
"346","U1425","B","1","H","4","W","26.0","28.0","4.760","4.749","1.107","9.225","6.2360","","0.5799","1.5829","","5.13","","is21 dark base"
"346","U1425","B","1","H","4","W","38.0","40.0","4.880","4.869","0.203","1.692","0.8103","","0.1665","0.3665","","0.61","","pre-is21 light"
"346","U1425","B","1","H","4","","145.0","150.0","5.950","5.937","0.991","8.258","1.4898","","0.1773","0.8973","","0.50","","ship split, carb"
"346","U1425","B","1","H","5","W","87.0","89.0","6.870","6.854","0.051","0.425","0.5904","","0.1726","1.1796","","0.54","","mis5 green layer"
"346","U1425","B","1","H","5","W","96.0","98.0","6.960","6.944","0.036","0.300","0.9103","","0.2077","0.5598","","0.87","","mis5 end light dark"
"346","U1425","B","1","H","5","W","144.0","146.0","7.440","7.423","1.055","8.791","2.1825","","0.1690","2.6547","","1.13","","mis6 light dark"
"346","U1426","A","1","H","1","W","52.0","74.0","0.520","0.520","0.370","3.083","2.6118","","0.4040","0.9238","","2.24","",""
"346","U1426","A","1","H","1","","145.0","150.0","1.450","1.450","0.194","1.617","2.6831","","0.3759","0.9723","","2.49","","ship split, carb"
"346","U1426","A","1","H","2","W","60.0","62.0","2.100","2.100","1.113","9.275","5.2564","","0.5233","1.0292","","4.14","",""
"346","U1426","A","1","H","2","W","74.0","76.0","2.240","2.240","0.851","7.091","2.5507","","0.2934","0.8207","","1.70","",""
"346","U1426","B","1","H","1","","145.0","150.0","1.450","1.448","0.203","1.692","2.6288","","0.3479","0.4497","","2.43","","ship split, carb"
"346","U1426","B","1","H","1","W","145.0","150.0","1.450","1.448","","","2.6093","","0.3682","0.2599","","","","ship split, carb"
"346","U1426","B","1","H","2","","145.0","150.0","2.950","2.946","1.558","12.983","2.7734","","0.2027","0.9347","","1.22","","ship split, carb"
"346","U1426","B","1","H","3","","145.0","150.0","4.450","4.443","0.665","5.541","1.8589","","0.2374","0.5464","","1.19","","ship split, carb"
"346","U1426","B","1","H","4","","145.0","150.0","5.950","5.941","2.265","18.874","5.9276","","0.4085","0.2500","","3.66","","ship split, carb"
"346","U1427","A","1","H","2","","65.0","70.0","1.560","1.560","0.546","4.550","2.7443","","0.3345","0.8274","","2.20","","ship split, carb"
"346","U1428","A","1","H","1","W","53.0","54.0","0.530","0.530","2.883","24.024","4.4368","","0.2987","0.3720","","1.55","",""
"346","U1428","A","1","H","1","","145.0","150.0","1.450","1.450","2.720","22.666","4.1368","","0.2454","0.2474","","1.42","","ship split, carb"
"346","U1428","A","1","H","5","W","9.0","11.0","5.700","5.700","1.692","14.099","2.9315","","0.2436","0.6169","","1.24","",""
"346","U1428","A","1","H","5","W","57.0","58.0","6.180","6.180","1.528","12.733","2.7456","","0.2151","0.6292","","1.22","",""
"346","U1429","A","1","H","1","W","19.0","20.0","0.190","0.190","1.920","15.999","3.0876","","0.1577","0.7761","","1.17","",""
"346","U1429","A","1","H","1","W","38.0","39.0","0.380","0.380","2.899","24.157","4.4937","","0.2188","0.3851","","1.59","",""
"346","U1429","A","1","H","2","W","9.0","11.0","1.590","1.590","2.179","18.158","3.2014","","0.1674","0.4720","","1.02","",""
"346","U1430","A","1","H","2","W","8.0","10.0","1.580","1.580","1.646","13.716","3.1235","","0.1999","1.0924","","1.48","",""
"346","U1430","A","1","H","3","W","40.0","41.0","3.300","3.300","1.414","11.783","3.0653","","0.2446","0.7861","","1.65","",""
"349","U1431","A","1","H","17","","45.0","50.0","8.450","8.406","0.040","0.333","0.0000","","0.4766","0.0000","","","","shipboard analysis"
"349","U1431","D","1","H","1","W","2.0","4.0","0.020","0.020","","","0.3945","","0.7313","0.0000","","","",""
"349","U1431","D","1","H","1","W","29.0","31.0","0.290","0.288","","","0.3647","","0.0636","0.0000","","","",""
"349","U1431","D","1","H","1","W","63.0","65.0","0.630","0.626","","","1.9160","","0.1024","0.0000","","","",""
"349","U1431","D","1","H","1","W","92.0","94.0","0.920","0.914","","","2.2664","","0.1036","0.0000","","","",""
"349","U1431","D","1","H","2","W","22.0","24.0","1.720","1.710","","","0.2214","","0.0188","0.0000","","","",""
"349","U1431","D","1","H","3","W","37.0","39.0","2.870","2.852","","","1.7413","","0.0797","0.0000","","","",""
"349","U1432","C","1","H","2","","145.0","150.0","2.950","2.932","0.654","5.450","1.6411","","0.1196","0.0000","","0.99","","shipboard analysis"
"349","U1432","C","1","H","4","","145.0","150.0","5.790","5.754","0.942","7.850","1.7699","","0.1177","0.0000","","0.83","","shipboard analysis"
"349","U1433","A","1","H","2","","145.0","150.0","2.950","2.950","0.874","7.283","1.4839","","0.0667","0.0000","","0.61","","shipboard analysis"
"349","U1433","A","1","H","5","","145.0","150.0","7.450","7.450","0.900","7.500","1.4051","","0.0960","0.0000","","0.51","","shipboard analysis"
"350","U1437","B","1","H","1","W","60.0","61.0","0.600","0.591","0.734","6.116","1.1585","","0.0326","","","0.42","",""
"350","U1437","B","1","H","2","W","60.0","61.0","2.100","2.068","2.855","23.791","3.9868","","0.1022","","","1.13","",""
"350","U1437","B","1","H","3","W","60.0","61.0","3.600","3.545","2.805","23.374","3.5977","","0.0737","","","0.79","",""
"350","U1437","B","1","H","4","W","60.0","61.0","4.710","4.639","2.781","23.174","3.6695","","0.0815","","","0.89","",""
"351","U1438","B","1","H","4","","140.0","150.0","2.900","2.876","0.050","0.417","0.2724","","0.0539","0.0000","","0.22","","shipboard analysis"
"352","U1439","A","1","H","2","W","2.0","3.0","1.480","1.480","5.532","46.098","6.7607","","0.0099","","","1.23","",""
"352","U1440","A","1","H","2","W","35.0","36.0","1.850","1.845","0.051","0.425","0.1606","","0.0223","","","0.11","",""
"352","U1441","A","1","R","1","W","7.0","8.0","0.070","0.070","0.185","1.542","","","","","","","",""
"352","U1442","A","1","R","3","W","30.0","31.0","3.300","2.329","8.986","74.880","","","","","","","",""
"353","U1443","A","1","H","1","W","21.0","22.0","0.210","0.208","7.910","65.914","7.3530","","bd","0.0000","","bdl","",""
"353","U1443","A","1","H","1","W","21.0","22.0","0.210","0.208","","","8.6873","","0.0931","0.0000","","","","shipboard analysis"
"353","U1443","A","1","H","2","W","20.0","21.0","1.150","1.138","5.703","47.523","7.0370","","bd","0.0000","","1.33","",""
"353","U1443","A","1","H","2","W","20.0","21.0","1.150","1.138","6.434","53.615","8.7595","","0.1637","0.0000","","2.33","",""
"353","U1444","A","1","H","1","W","34.0","35.0","0.340","0.340","2.878","23.982","3.5960","","0.1510","0.0000","","0.72","",""
"353","U1444","A","1","H","4","W","81.0","82.0","5.310","5.310","0.425","3.542","0.9670","","0.1000","0.0000","","0.54","",""
"353","U1444","A","1","H","4","W","86.0","87.0","5.360","5.360","0.627","5.225","1.2400","","0.1040","0.0000","","0.61","",""
"353","U1445","A","1","H","1","W","103.0","104.0","1.030","1.021","0.244","2.033","1.7304","","0.3191","0.0000","","1.49","",""
"353","U1445","A","1","H","3","W","132.0","133.0","4.320","4.283","2.369","19.741","","","","","","","",""
"353","U1445","A","1","H","5","W","24.0","25.0","6.240","6.186","2.987","24.891","","","","","","","",""
"353","U1445","A","1","H","5","W","24.0","25.0","6.240","6.186","0.6231","5.192","","","","","","","",""
"353","U1446","A","1","H","2","W","71.0","72.0","2.210","2.185","0.228","1.900","1.5810","","0.3090","0.0000","","1.35","",""
"353","U1447","A","1","H","2","W","39.0","40.0","1.890","1.851","2.499","20.824","4.0000","","0.5540","0.0000","","1.50","",""
"353","U1448","A","1","H","2","W","17.0","18.0","1.670","1.623","4.398","36.649","5.6270","","0.5290","0.0000","","1.23","",""
"354","U1449","A","1","H","2","W","66.0","71.0","2.160","2.136","3.700","30.832","3.9000","","","","","0.20","",""
"354","U1449","A","1","H","4","W","42.0","47.0","4.970","4.914","3.600","29.999","4.1000","","","","","0.50","",""
"354","U1450","A","1","H","2","W","66.0","71.0","2.160","2.155","5.700","47.498","6.5000","","","","","0.80","",""
"354","U1450","A","1","H","5","W","64.0","69.0","6.640","6.625","0.500","4.167","1.4000","","","","","0.90","",""
"354","U1451","A","1","H","2","W","79.0","81.0","2.290","2.269","3.000","24.999","3.9000","","","","","0.90","",""
"354","U1451","A","1","H","4","W","18.0","22.0","4.680","4.637","3.500","29.166","4.6000","","","","","1.10","",""
"354","U1452","C","1","H","5","W","45.0","47.0","5.950","5.883","0.600","5.000","1.1000","","","","","0.50","",""
"354","U1452","C","1","H","5","W","45.0","47.0","5.950","5.883","0.5792","4.826","","","","","","","",""
"354","U1452","C","1","H","5","W","57.0","59.0","6.070","6.002","0.300","2.500","0.4000","","","","","0.10","",""
"354","U1452","C","1","H","5","W","57.0","59.0","6.070","6.002","0.3097","2.581","","","","","","","",""
"354","U1453","A","1","H","5","W","74.0","78.0","6.440","6.397","0.400","3.333","0.7000","","","","","0.30","",""
"354","U1453","A","1","H","5","W","74.0","78.0","6.440","6.397","0.3788","3.157","","","","","","","",""
"354","U1454","A","1","H","1","","55.0","60.0","0.550","0.547","0.494","4.117","","","","","","","",""
"354","U1454","A","1","H","2","","5.0","10.0","1.550","1.542","0.589","4.908","1.1000","","","","","0.51","",""
"354","U1454","A","1","H","2","","5.0","10.0","1.550","1.542","0.6000","5.000","","","","","","","",""
"354","U1454","A","1","H","2","","55.0","60.0","2.050","2.039","0.500","4.167","1.0000","","","","","0.50","",""
"354","U1454","A","1","H","2","","95.0","100.0","2.450","2.437","1.356","11.300","2.0000","","","","","0.64","",""
"354","U1454","A","1","H","2","","95.0","100.0","2.450","2.437","1.4000","11.666","","","","","","","",""
"354","U1454","A","1","H","3","W","118.0","120.0","4.180","4.158","0.836","6.966","1.5000","","","","","0.66","",""
"354","U1454","A","1","H","3","W","118.0","120.0","4.180","4.158","0.8000","6.666","","","","","","","",""
"354","U1454","A","1","H","3","W","133.0","135.0","4.330","4.307","0.784","6.533","0.9000","","","","","0.12","",""
"354","U1454","A","1","H","3","W","133.0","135.0","4.330","4.307","0.8000","6.666","","","","","","","",""
"354","U1454","A","1","H","6","W","2.0","4.0","6.920","6.883","0.500","4.167","0.6000","","","","","0.10","",""
"354","U1454","A","1","H","6","W","2.0","4.0","6.920","6.883","0.4873","4.061","","","","","","","",""
"354","U1455","B","1","H","1","W","89.0","91.0","0.890","0.890","0.600","5.000","","","","","","","",""
"354","U1455","B","1","H","3","W","36.0","38.0","2.830","2.830","0.356","2.967","","","","","","","",""
"354","U1455","B","1","H","6","W","77.0","79.0","6.460","6.460","0.259","2.158","","","","","","","",""
"355","U1456","A","1","H","2","","145.0","150.0","2.950","2.924","5.427","45.223","6.4113","","0.0912","Rejected","","0.98","","portion of SC"
"355","U1456","A","1","H","2","W","145.0","150.0","2.950","2.924","","","6.3410","","0.0940","0.0000","","","","portion of SC"
"355","U1456","A","1","H","3","W","92.0","94.0","3.920","3.886","7.045","58.706","7.4760","","0.0610","Not Run","","0.43","",""
"355","U1456","A","1","H","3","W","92.0","94.0","3.920","3.886","","","7.7390","","0.0538","Rejected","","","","portion of SC"
"355","U1457","A","1","H","4","W","28.0","30.0","4.000","3.982","6.513","54.273","7.2411","","0.0456","Rejected","","0.73","","CARB from MAD sample"
"355","U1457","A","1","H","6","","115.0","120.0","7.870","7.834","2.207","18.391","3.0408","","0.0903","Rejected","","0.83","","portion of SC"
"356","U1460","A","1","F","1","","98.0","103.0","0.980","0.966","10.948","91.230","11.4431","","0.0288","N.A","","0.50","",""
"356","U1463","B","1","H","4","","145.0","150.0","5.950","5.950","10.459","87.155","11.4572","","0.0572","0.0000","","1.00","",""
"356","U1464","B","1","H","1","","145.0","150.0","1.450","1.412","10.794","89.946","11.0704","","0.0291","0.0000","","0.28","",""
"359","U1465","A","1","H","1","W","69.0","71.0","0.690","0.687","11.237","93.638","","","","","","","",""
"359","U1465","A","1","H","2","W","57.0","59.0","1.960","1.952","11.312","94.263","","","","","","","",""
"359","U1465","A","1","H","3","W","69.0","71.0","3.250","3.236","10.696","89.130","10.2956","","0.1046","","","bdl","",""
"359","U1465","A","1","H","4","W","66.0","68.0","4.630","4.610","11.211","93.421","","","","","","","",""
"359","U1465","A","1","H","5","W","44.0","46.0","5.830","5.805","11.865","98.871","","","","","","","",""
"359","U1465","A","1","H","6","W","30.0","32.0","6.600","6.573","11.473","95.605","","","","","","","",""
"359","U1466","A","1","H","1","W","74.0","76.0","0.740","0.736","10.829","90.238","","","","","","","",""
"359","U1466","A","1","H","2","W","71.0","73.0","2.210","2.197","11.195","93.288","","","","","","","",""
"359","U1466","A","1","H","3","W","49.0","51.0","3.500","3.479","9.435","78.622","","","","","","","",""
"359","U1466","A","1","H","4","W","39.0","41.0","4.410","4.384","10.890","90.746","12.4421","","0.0862","","","1.55","",""
"359","U1467","A","1","H","1","W","74.0","76.0","0.740","0.740","9.711","80.922","10.7738","","0.1442","","","1.06","",""
"359","U1467","A","1","H","3","W","27.0","29.0","2.970","2.970","9.543","79.522","","","","","","","",""
"359","U1467","B","1","H","1","W","56.0","58.0","0.560","0.560","9.848","82.063","11.1596","","0.1419","0.0000","","1.31","",""
"359","U1467","B","1","H","3","W","43.0","45.0","2.830","2.830","9.078","75.647","","","","","","","",""
"359","U1468","A","1","H","1","W","74.0","76.0","0.740","0.740","11.298","94.146","11.6286","","0.1098","0.0000","","0.33","",""
"359","U1468","A","1","H","3","W","33.0","35.0","2.810","2.810","10.806","90.046","","","","","","","",""
"359","U1470","A","1","H","1","W","69.0","71.0","0.690","0.668","10.950","91.246","10.6844","","0.0920","","","bdl","",""
"359","U1471","A","1","H","1","W","60.0","62.0","0.600","0.597","10.840","90.330","","","","","","","",""
"359","U1471","A","1","H","3","W","49.0","51.0","3.200","3.186","9.759","81.322","11.2310","","0.0981","","","1.47","",""
"359","U1471","A","1","H","4","W","30.0","32.0","4.020","4.003","9.747","81.222","","","","","","","",""
"361","U1474","A","1","H","1","W","30.0","31.0","0.300","0.298","4.705","39.207","5.0276","0.0000","0.0984","","","0.32","",""
"361","U1474","A","1","H","2","W","100.0","101.0","2.500","2.486","5.554","46.281","6.6327","0.0000","0.1027","","","1.08","",""
"361","U1474","A","1","H","3","W","8.0","9.0","3.080","3.064","3.581","29.840","3.8940","0.0000","0.0601","","","0.31","",""
"361","U1475","B","1","H","1","W","20.0","21.0","0.200","0.199","9.775","81.455","10.1647","","0.0947","","","0.39","",""
"361","U1475","B","1","H","1","W","20.0","21.0","0.200","0.199","","","9.8143","","0.1178","","","","","portion of SC"
"361","U1475","B","1","H","1","W","80.0","81.0","0.800","0.798","9.624","80.197","10.2676","","0.1461","","","0.64","",""
"361","U1475","B","1","H","2","W","60.0","61.0","2.100","2.093","9.678","80.647","10.1394","","0.1320","","","0.46","",""
"361","U1476","A","1","H","1","W","80.0","81.0","0.800","0.797","9.073","75.605","9.1162","","0.1219","","","0.04","",""
"361","U1476","A","1","H","3","W","40.0","41.0","3.400","3.389","8.796","73.297","9.1311","","0.1193","","","0.34","",""
"361","U1476","A","1","H","4","W","80.0","81.0","5.300","5.281","8.959","74.655","9.2110","","0.0964","","","0.25","",""
"361","U1477","A","1","H","1","W","40.0","41.0","0.400","0.397","1.310","10.916","1.6919","","0.1275","","","0.38","",""
"361","U1477","A","1","H","4","W","40.0","41.0","4.900","4.861","0.285","2.375","1.1371","","0.1427","","","0.85","",""
"361","U1478","A","1","H","1","W","95.0","96.0","0.950","0.950","3.890","32.415","4.4692","","0.1212","","","0.58","",""
"361","U1478","A","1","H","3","W","95.0","96.0","3.950","3.950","2.842","23.682","3.3356","","0.1236","","","0.49","",""
"361","U1478","A","1","H","4","W","30.0","31.0","4.800","4.800","2.929","24.407","3.4760","","0.1392","","","0.55","",""
"361","U1479","B","1","H","1","W","40.0","41.0","0.400","0.397","7.886","65.714","8.7165","","0.2711","","","0.83","",""
"361","U1479","B","1","H","3","W","40.0","41.0","3.400","3.373","7.791","64.922","7.9420","","0.2189","","","0.15","",""
"361","U1479","B","1","H","5","W","40.0","41.0","5.820","5.774","7.462","62.181","8.7689","","0.2111","","","1.31","",""
"362","U1480","E","1","H","1","W","124.0","125.0","1.240","1.240","1.306","10.883","1.7235","0.0000","0.0408","0.0000","","0.42","",""
"362","U1480","E","1","H","2","W","138.0","139.0","2.730","2.730","3.589","29.907","4.4857","0.0000","0.0400","0.0000","","0.90","",""
"362","U1480","E","1","H","4","W","138.0","139.0","5.730","5.730","1.057","8.808","1.4276","0.0000","0.0588","0.0000","","0.37","",""
"362","U1480","H","1","H","1","W","133.0","134.0","1.330","1.330","0.968","8.066","1.2474","","0.1467","0.0000","","0.28","",""
"362","U1480","H","1","H","2","W","132.0","133.0","2.820","2.820","4.949","41.240","5.0642","","0.1437","0.0000","","0.12","",""
"362","U1480","H","1","H","3","W","100.0","101.0","4.000","4.000","4.773","39.773","5.1338","0.0000","0.1193","0.0000","","0.36","",""
"363","U1482","A","1","H","1","W","92.0","94.0","0.920","0.895","6.390","53.248","7.4072","0.0000","0.0547","0.0000","","1.02","","from MAD "
"363","U1482","D","1","H","1","W","131.0","133.0","1.310","1.307","9.740","81.163","","","","","","","","from MAD "
"363","U1482","D","1","H","2","W","122.0","124.0","2.720","2.714","8.568","71.397","","","","","","","","from MAD "
"363","U1483","A","1","H","2","W","138.0","140.0","2.880","2.870","5.767","48.056","6.9840","0.0000","0.0880","0.0000","","1.22","","from MAD "
"363","U1483","A","1","H","3","W","122.0","124.0","4.220","4.206","6.648","55.398","","","","","","","","from MAD "
"363","U1483","A","1","H","5","W","119.0","121.0","7.190","7.165","5.265","43.873","","","","","","","","from MAD "
"363","U1484","A","1","H","1","W","97.0","99.0","0.970","0.960","0.787","6.558","1.8716","0.0000","0.1465","0.0000","","1.08","","from MAD "
"363","U1484","A","1","H","3","W","84.0","86.0","3.840","3.802","1.070","8.916","","","","","","","","from MAD "
"363","U1485","A","1","H","1","W","91.0","93.0","0.910","0.900","0.673","5.608","1.7274","0.0000","0.1285","0.0000","","1.05","","from MAD "
"363","U1485","A","1","H","3","W","114.0","116.0","4.140","4.096","1.472","12.266","","","","","","","","from MAD "
"363","U1485","A","1","H","5","W","89.0","91.0","6.890","6.817","1.038","8.650","","","","","","","","from MAD "
"363","U1486","B","1","H","1","W","137.0","139.0","1.370","1.370","5.201","43.340","6.4380","0.0000","0.0980","0.0000","","1.24","","from MAD "
"363","U1486","B","1","H","3","W","28.0","30.0","3.280","3.280","6.052","50.431","","","","","","","","from MAD "
"363","U1486","B","1","H","4","W","110.0","112.0","5.600","5.600","5.811","48.423","","","","","","","","from MAD "
"363","U1487","A","1","H","1","W","99.0","101.0","0.990","0.990","8.685","72.372","","","","","","","","from MAD "
"363","U1487","A","1","H","3","W","87.0","89.0","3.870","3.870","9.159","76.322","","","","","","","","from MAD "
"363","U1487","A","1","H","5","W","55.0","57.0","6.060","6.060","7.874","65.614","","","","","","","","from MAD "
"363","U1488","A","1","H","1","W","12.0","14.0","0.120","0.120","7.761","64.672","8.0419","0.0000","0.0294","0.0000","","0.28","","from MAD "
"363","U1488","A","1","H","1","W","12.0","14.0","0.120","0.120","7.729","64.406","8.0063","0.0000","0.0361","0.0000","","0.28","","from MAD "
"363","U1488","A","1","H","2","W","50.0","52.0","2.000","2.000","5.380","44.832","6.0317","0.0000","0.0737","0.0000","","0.65","","from MAD "
"363","U1488","A","1","H","2","W","50.0","52.0","2.000","2.000","5.400","44.998","5.9540","0.0000","0.0771","0.0000","","0.55","","from MAD "
"363","U1488","A","1","H","4","W","86.0","88.0","5.360","5.360","8.445","70.372","8.8333","0.0000","0.0251","0.0000","","0.39","","from MAD "
"363","U1488","A","1","H","4","W","86.0","88.0","5.360","5.360","8.361","69.672","8.8039","0.0000","0.0411","0.0000","","0.44","","from MAD "
"363","U1489","B","1","H","1","W","42.0","44.0","0.420","0.416","3.964","33.032","8.0489","0.0000","0.0214","0.0000","","4.08","","from MAD "
"363","U1489","B","1","H","1","W","42.0","44.0","0.420","0.416","","","4.7819","0.0000","0.0992","0.0000","","","","from MAD "
"363","U1489","B","1","H","2","W","42.0","44.0","1.930","1.910","6.657","55.473","","","","","","","","from MAD "
"363","U1489","B","1","H","3","W","69.0","71.0","3.710","3.672","5.323","44.357","","","","","","","","from MAD "
"363","U1490","A","1","H","2","W","92.0","93.0","2.420","2.402","10.867","90.555","11.1322","0.0000","-0.0045","0.0000","","0.27","",""
"367","U1499","A","1","H","1","","0.0","1.0","0.000","0.000","0.149","1.242","0.6545","0.0000","0.0834","0.0000","","0.51","",""
"367","U1499","A","1","H","2","","145.0","150.0","2.950","2.950","0.733","6.108","1.7578","0.0000","0.1113","0.0000","","1.02","","portion of SC"
"367","U1499","A","1","H","4","","145.0","150.0","5.950","5.950","1.620","13.499","2.3755","0.0000","0.0913","0.0000","","0.76","","portion of SC"
"368","U1501","C","1","H","2","W","38.0","39.0","1.880","1.880","1.774","14.783","2.7594","0.0000","0.1114","0.0000","","0.99","",""
"368","U1501","C","1","H","2","","145.0","150.0","2.950","2.950","1.643","13.691","2.0074","0.0000","0.0804","0.0000","","0.36","","portion of SC"
"368","U1501","C","1","H","4","W","56.0","57.0","5.060","5.060","2.669","22.241","3.5973","0.0000","0.1000","0.0000","","0.93","",""
"368","U1501","C","1","H","5","","145.0","150.0","7.450","7.450","2.556","21.299","3.3296","0.0000","0.0953","0.3478","","0.77","","portion of SC"
"368","U1501","C","1","H","5","W","145.0","150.0","7.450","7.450","","","3.2215","0.0000","0.0853","0.0000","","","","portion of SC"
"368","U1505","C","1","H","2","","145.0","150.0","2.960","2.950","1.354","11.283","2.6767","0.0000","0.1196","0.0855","","1.32","","portion of SC"
"368","U1505","C","1","H","4","","145.0","150.0","5.970","5.949","2.445","20.374","3.1717","0.0000","0.0978","0.0729","","0.73","","portion of SC"
"369","U1512","A","1","R","1","W","9.0","10.0","0.090","0.090","","","10.8327","0.0000","0.0153","0.0000","","","",""
"369","U1512","A","1","R","CC","","18.0","23.0","0.560","0.560","10.921","91.005","11.1163","0.0000","0.0030","0.0000","","0.20","","freeze dried"
"369","U1513","A","1","H","1","","145.0","150.0","1.450","1.431","10.761","89.671","11.3520","0.0000","0.0087","0.0000","","0.59","","freeze dried"
"369","U1514","A","1","H","3","","145.0","150.0","4.450","4.423","9.781","81.505","9.8826","0.0000","0.0157","0.0000","","0.10","","freeze dried"
"369","U1515","A","1","R","2","","146.0","151.0","2.960","2.960","10.153","84.605","10.6262","0.0000","0.0176","0.0000","","0.47","","freeze dried"
"369","U1516","A","1","H","2","","148.0","153.0","2.980","2.980","10.780","89.830","10.9929","0.0000","b.d.","0.0000","","0.21","","freeze dried"
"371","U1506","A","1","R","1","W","65.0","66.0","0.650","0.650","10.572","88.096","10.8528","0.0000","0.0127","","","0.28","",""
"371","U1507","A","1","H","3","W","67.0","68.0","3.670","3.658","9.551","79.588","9.8976","0.0000","0.0097","0.0000","","0.35","",""
"371","U1507","A","1","H","5","W","67.0","68.0","5.930","5.911","10.454","87.113","10.5616","0.0000","0.0067","0.0000","","0.11","",""
"371","U1508","A","1","H","1","W","53.0","54.0","0.530","0.510","10.841","90.338","11.9146","0.0000","0.0099","0.0000","","1.07","",""
"371","U1511","A","1","R","3","W","69.0","70.0","3.480","3.430","0.079","0.658","0.1554","0.0000","0.0452","0.0940","","0.08","",""
"372","U1517","C","1","H","1","W","138.0","139.0","1.380","1.380","0.591","4.925","1.5688","0.0000","0.0839","0.0000","","0.98","",""
"372","U1517","C","1","H","3","W","136.0","137.0","4.360","4.360","0.915","7.625","1.3739","0.0000","0.0492","0.0000","","0.46","",""
"372","U1517","C","1","H","4","W","78.0","79.0","5.280","5.280","1.079","8.991","1.6033","0.0000","0.0513","0.0000","","0.52","",""
"374","U1521","A","1","R","1","W","51.0","52.0","0.510","0.510","0.033","0.275","0.1708","","0.0125","","","0.14","",""
"374","U1521","A","1","R","3","W","46.0","47.0","2.960","2.960","0.070","0.583","0.4241","","0.0323","","","0.35","",""
"374","U1522","A","1","R","2","W","74.0","75.0","2.260","2.260","0.086","0.717","0.5669","0.0000","0.0200","0.0000","","0.48","",""
"374","U1523","A","1","H","2","W","49.0","50.0","1.990","1.987","0.179","1.492","0.4862","0.0000","0.0107","0.0000","","0.31","",""
"374","U1523","A","1","H","5","W","19.0","20.0","6.200","6.193","0.100","0.833","0.2694","0.0000","0.0222","0.0000","","0.17","",""
"374","U1524","A","1","H","1","W","61.0","62.0","0.610","0.607","0.084","0.700","0.4236","0.0000","0.0362","0.0000","","0.34","",""
"374","U1524","A","1","H","1","W","85.0","86.0","0.850","0.846","0.037","0.308","0.2658","0.0000","0.0261","0.0000","","0.23","",""
"374","U1524","A","1","H","2","W","60.0","61.0","2.060","2.050","0.036","0.300","0.2226","0.0000","0.0270","0.0000","","0.19","",""
"374","U1524","A","1","H","3","W","47.0","48.0","3.390","3.373","0.120","1.000","0.3300","0.0000","0.0267","0.0000","","0.21","",""
"374","U1525","A","1","H","1","W","40.0","41.0","0.400","0.399","0.079","0.658","0.1644","0.0000","0.0246","0.0000","","0.09","",""
"374","U1525","A","1","H","5","W","70.0","71.0","6.700","6.684","0.318","2.650","0.4913","0.0000","0.0231","0.0000","","0.17","",""
"375","U1518","E","1","H","1","W","140.0","141.0","1.400","1.392","1.397","11.641","1.7377","0.0000","0.0515","0.0000","","0.34","",""
"375","U1518","E","1","H","1","W","140.0","141.0","1.400","1.392","1.4272","11.893","","","","","","","","freeze dried"
"375","U1518","E","1","H","2","W","140.0","141.0","2.920","2.903","2.304","19.199","2.8198","0.0000","0.0464","0.0000","","0.52","",""
"375","U1518","E","1","H","4","W","1.0","2.0","4.550","4.524","1.280","10.666","1.7296","0.0000","0.0410","0.0000","","0.45","",""
"375","U1518","E","1","H","5","W","2.0","3.0","6.070","6.036","1.268","10.566","1.6650","0.0000","0.0544","0.0000","","0.40","",""
"375","U1518","E","1","H","5","W","2.0","3.0","6.070","6.036","1.2702","10.585","","","","","","","",""
"375","U1518","E","1","H","5","W","140.0","141.0","7.450","7.408","1.008","8.400","1.0784","0.0000","0.0282","0.0000","","0.07","",""
"375","U1518","E","1","H","5","W","140.0","141.0","7.450","7.408","0.9135","7.612","","","","","","","",""
"375","U1518","E","1","H","6","W","68.0","69.0","8.240","8.193","1.140","9.500","1.3274","0.0000","0.0528","0.0000","","0.19","",""
"375","U1518","E","1","H","6","W","68.0","69.0","8.240","8.193","0.9894","8.245","","","","","","","",""
"375","U1519","D","1","H","1","W","128.0","129.0","1.280","1.262","0.772","6.433","1.3966","0.0000","0.0675","0.0000","","0.62","",""
"375","U1519","D","1","H","2","W","127.0","128.0","2.790","2.751","0.888","7.400","1.5382","0.0000","0.0815","0.0000","","0.65","",""
"375","U1519","D","1","H","3","W","91.0","92.0","3.940","3.885","0.053","0.442","-0.0400","0.0000","-0.0004","0.0000","","bdl","",""
"375","U1519","E","1","H","1","W","126.0","127.0","1.260","1.260","0.808","6.733","1.4412","0.0000","0.0762","0.0000","","0.63","",""
"375","U1519","E","1","H","2","W","125.0","126.0","2.750","2.750","0.981","8.175","1.5669","0.0000","0.0812","0.0000","","0.59","",""
"375","U1520","D","1","H","2","W","141.0","142.0","2.920","2.920","1.041","8.675","1.6115","0.0000","0.0877","0.0000","","0.57","",""
"375","U1520","D","1","H","3","W","123.0","124.0","4.260","4.260","0.750","6.250","1.7333","0.0000","0.1240","0.0000","","0.98","",""
"376","U1528","A","1","R","1","W","73.0","74.0","0.730","0.730","","","0.0398","","bdl","6.5900","","","",""
"376","U1528","A","1","R","4","W","48.0","50.0","4.980","4.980","","","0.0184","","bdl","3.6628","","","","dark clasts"
"376","U1528","A","1","R","4","W","48.0","50.0","4.980","4.980","","","0.0071","","bdl","2.5795","","","","dark clasts"
"376","U1529","A","1","R","1","W","6.0","7.0","0.060","0.060","0.004","0.033","0.0194","","bdl","0.0172","","0.02","","Dacitic clast with greish coating"
"376","U1529","A","1","R","1","W","80.0","82.0","0.800","0.800","0.006","0.050","0.0344","","bdl","0.0220","","0.03","",""
"376","U1529","A","1","R","2","W","60.0","61.0","2.100","2.100","0.006","0.050","0.0247","","bdl","bdl","","0.02","",""
"376","U1529","B","1","R","1","W","25.0","27.0","0.250","0.250","0.007","0.058","0.0242","","bdl","bdl","","0.02","",""
"376","U1529","B","1","R","1","W","25.0","27.0","0.250","0.250","11.6942","97.448","","","","","","","","Dacitic clast with greish coating"
"376","U1530","A","1","R","1","W","32.0","34.0","0.320","0.320","","","0.0186","","bdl","25.6226","","","",""
"376","U1531","A","1","R","1","W","90.0","98.0","0.900","0.900","","","0.0218","","bdl","0.0256","","","",""
"376","U1531","C","1","R","1","W","38.0","40.0","0.380","0.380","","","0.1901","","bdl","0.0585","","","","XRD_ICP_XRF"
"376","U1531","C","1","R","2","W","55.0","57.0","1.980","1.980","","","0.0149","","bdl","0.0188","","","","XRD_ICP_XRF"
"378","U1553","A","1","H","2","W","77.0","78.0","2.270","2.211","10.990","91.580","11.1287","0.0000","0.0413","0.0000","","0.14","",""
"378","U1553","A","1","H","2","W","77.0","78.0","2.270","2.211","","","11.1386","0.0000","0.0164","0.0000","","","","XRD_ICP_XRF"
"379","U1532","A","1","H","1","W","135.0","136.0","1.350","1.343","0.031","0.258","0.1062","0.0000","0.0357","0.1500","","0.08","",""
"379","U1532","A","1","H","2","W","38.0","39.0","1.880","1.870","1.369","11.408","1.5061","0.0000","0.0519","0.1577","","0.14","",""
"379","U1532","A","1","H","3","W","122.0","123.0","4.220","4.198","0.027","0.225","0.1330","0.0000","0.0344","0.0721","","0.11","",""
"379","U1533","A","1","H","1","W","82.0","83.0","0.820","0.806","0.011","0.092","0.0913","0.0000","0.0331","0.1617","","0.08","",""
"379","U1533","A","1","H","5","W","77.0","78.0","6.810","6.690","0.016","0.133","0.0612","0.0000","0.0412","0.1107","","0.05","",""
"379","U1533","C","1","H","2","W","5.0","6.0","1.510","1.510","0.016","0.133","0.0895","0.0000","0.0516","0.1540","","0.07","",""
"379","U1533","C","1","H","3","W","60.0","61.0","3.510","3.510","0.014","0.117","0.0569","0.0000","0.0563","0.0531","","0.04","",""
"379","U1533","D","1","H","1","W","11.0","12.0","0.110","0.110","0.018","0.150","0.2798","0.0000","0.0930","0.1503","","0.26","",""
"379","U1533","D","1","H","3","W","8.0","9.0","3.080","3.080","0.013","0.108","0.0998","0.0000","0.0664","0.0511","","0.09","",""
"379T","J1001","B","1","H","1","W","0.0","2.0","0.010","0.010","1.572","13.099","2.4810","0.0000","0.0820","0.0000","","0.91","",""
"379T","J1001","B","1","H","3","W","69.0","71.0","3.500","3.500","0.057","0.475","0.2526","0.0000","0.0014","0.0000","","0.20","",""
"379T","J1002","A","1","H","2","W","49.0","50.0","1.490","1.456","0.697","5.808","2.1412","0.0000","0.1409","0.0000","","1.44","",""
"379T","J1003","A","1","H","1","W","32.0","33.0","0.320","0.316","0.150","1.250","0.4682","0.0000","0.0195","0.0000","","0.32","","dark gray"
"379T","J1003","A","1","H","3","W","69.0","70.0","3.090","3.056","0.069","0.575","0.5098","0.0000","0.0209","0.0000","","0.44","","greenish"
"379T","J1004","A","1","H","2","W","49.0","50.0","1.910","1.863","0.966","8.050","3.2818","0.0000","0.2765","0.0000","","2.32","",""
"379T","J1004","A","1","H","2","W","49.0","50.0","1.910","1.863","0.7771","6.476","","","","","","","","greenish"
"379T","J1005","A","1","H","1","W","3.0","4.0","0.030","0.030","0.653","5.441","2.7998","0.0000","0.2257","0.0000","","2.15","","Mudline/modern?"
"379T","J1005","A","1","H","3","W","49.0","50.0","3.290","3.281","0.615","5.125","1.2577","0.0000","0.0598","0.0000","","0.64","",""
"379T","J1005","A","1","H","3","W","49.0","50.0","3.290","3.281","","","1.2338","0.0000","0.0614","0.0000","","","","Mudline/modern?"
"379T","J1006","A","1","H","1","W","0.0","1.0","0.000","0.000","0.677","5.641","3.1546","0.0000","0.2749","0.0000","","2.48","",""
"379T","J1006","A","1","H","6","W","69.0","70.0","7.690","7.655","0.713","5.941","1.4297","0.0000","0.0730","0.0000","","0.72","",""
"379T","J1007","A","1","H","1","W","0.0","1.0","0.000","0.000","0.120","1.000","2.8523","0.0000","0.3120","0.0000","","2.73","","core top sample"
"379T","J1007","A","1","H","2","W","49.0","50.0","1.890","1.890","0.220","1.833","1.8426","0.0000","0.1644","0.0000","","1.62","","brown litho"
"379T","J1007","A","1","H","4","W","49.0","50.0","4.690","4.690","0.393","3.275","1.1479","0.0000","0.0784","0.0000","","0.75","","green litho"
"379T","J1007","A","1","H","4","W","49.0","50.0","4.690","4.690","","","1.1363","0.0000","0.0689","0.0000","","","","green litho"
"379T","J1007","A","1","H","5","W","49.0","50.0","6.090","6.090","0.485","4.042","1.2554","0.0000","0.0779","0.0000","","0.77","","gray litho"
"379T","J1008","A","1","H","1","W","0.0","1.0","0.000","0.000","0.112","0.933","3.0269","0.0000","0.3493","0.0000","","2.91","","coretop/mudline"
"379T","J1008","A","1","H","2","W","49.0","50.0","1.890","1.871","0.388","3.233","2.5407","0.0000","0.2386","0.0000","","2.15","","brownish litho"
"379T","J1008","A","1","H","3","W","49.0","50.0","3.300","3.267","0.869","7.241","1.9309","0.0000","0.1158","0.0000","","1.06","","greenish litho"
"379T","J1008","A","1","H","3","W","49.0","50.0","3.300","3.267","","","1.9365","0.0000","0.1152","0.0000","","","","greenish litho"
"382","U1534","A","1","H","1","W","140.0","141.0","1.400","1.388","1.174","9.783","1.9554","0.0000","0.0928","0.0000","","0.78","",""
"382","U1534","A","1","H","2","W","93.0","94.0","2.430","2.409","0.192","1.600","1.4738","0.0000","0.1214","0.0000","","1.28","",""
"382","U1535","A","1","H","2","W","53.0","54.0","2.050","1.984","0.059","0.492","0.8128","0.0000","0.0758","0.0000","","0.75","",""
"382","U1536","A","1","F","3","W","68.0","69.0","3.760","3.736","0.011","0.092","0.7319","0.0000","0.0838","0.0000","","0.72","",""
"382","U1537","A","1","H","2","W","19.0","20.0","1.690","1.670","0.108","0.900","0.8173","0.0000","0.0877","0.0000","","0.71","",""
"382","U1538","A","1","H","3","W","72.0","73.0","3.720","3.678","0.002","0.017","0.6981","0.0000","0.0765","0.0000","","0.70","",""
"382","U1538","A","1","H","5","W","70.0","71.0","6.680","6.604","0.026","0.217","0.6595","0.0000","0.0851","0.0000","","0.63","",""
"383","U1539","A","1","H","1","W","80.0","81.0","0.800","0.800","7.875","65.622","8.5019","0.0000","0.0228","0.0000","","0.63","",""
"383","U1539","A","1","H","1","W","128.0","129.0","1.280","1.280","3.880","32.332","4.0596","0.0000","0.0389","0.0000","","0.18","",""
"383","U1539","A","1","H","2","W","103.0","104.0","2.530","2.530","2.622","21.849","3.1186","0.0000","0.0602","0.0000","","0.50","",""
"383","U1539","A","1","H","2","W","103.0","104.0","2.530","2.530","2.6488","22.072","","","","","","","","greenish litho"
"383","U1539","A","1","H","3","W","59.0","60.0","3.580","3.580","2.118","17.649","2.6130","0.0000","0.0570","0.0000","","0.50","",""
"383","U1540","A","1","H","4","W","100.0","101.0","5.520","5.520","","","4.8436","0.0000","0.0311","0.0000","","","",""
"383","U1540","A","1","H","6","W","50.0","51.0","8.030","8.030","11.226","93.546","11.4590","0.0000","0.0036","0.0000","","0.23","",""
"383","U1540","B","1","H","1","W","20.0","21.0","0.200","0.199","9.449","78.739","9.8094","0.0000","0.0338","0.0000","","0.36","",""
"383","U1540","B","1","H","1","W","20.0","21.0","0.200","0.199","","","9.7812","0.0000","0.0088","0.0000","","","",""
"383","U1540","B","1","H","2","W","50.0","51.0","2.000","1.987","7.282","60.681","7.7810","0.0000","0.0130","0.0000","","0.50","",""
"383","U1540","B","1","H","2","W","50.0","51.0","2.000","1.987","","","7.7678","0.0000","0.0256","0.0000","","","",""
"383","U1541","A","1","H","1","W","110.0","111.0","1.100","1.100","2.598","21.649","3.0232","","0.0572","","","0.43","",""
"383","U1541","A","1","H","4","W","70.0","71.0","5.190","5.190","11.125","92.705","11.6898","","0.0047","","","0.56","",""
"383","U1541","A","1","H","6","W","30.0","31.0","7.780","7.780","6.028","50.231","6.4580","","0.0326","","","0.43","",""
"383","U1541","B","1","H","1","W","70.0","71.0","0.700","0.700","7.843","65.356","8.2483","0.0000","0.0251","0.0000","","0.41","",""
"383","U1541","B","1","H","3","W","59.0","60.0","3.580","3.580","7.331","61.089","7.8223","","0.0172","","","0.49","",""
"383","U1541","B","1","H","4","W","50.0","51.0","4.980","4.980","9.403","78.355","10.0483","","0.0168","","","0.65","",""
"383","U1542","A","1","H","1","W","139.0","140.0","1.390","1.390","0.294","2.450","0.5943","","0.0362","","","0.30","",""
"383","U1542","A","1","H","3","W","79.0","80.0","3.780","3.780","0.329","2.742","0.5233","","0.0330","","","0.19","",""
"383","U1542","A","1","H","5","W","29.0","30.0","6.270","6.270","0.293","2.442","0.5628","","0.0322","","","0.27","",""
"383","U1543","A","1","H","1","W","9.0","10.0","0.090","0.090","5.375","44.790","5.8066","","0.0216","","","0.43","",""
"383","U1543","A","1","H","2","W","95.0","96.0","2.450","2.450","0.018","0.150","0.3057","","0.0394","","","0.29","",""
"383","U1543","A","1","H","5","W","65.0","66.0","6.640","6.640","5.743","47.856","6.0824","","0.0186","","","0.34","",""
"385","U1545","A","1","H","2","W","60.0","61.0","2.120","2.120","0.875","7.291","4.5462","0.0000","0.4525","1.0476","","3.67","",""
"385","U1545","B","1","H","2","","145.0","150.0","2.950","2.950","0.017","0.142","4.8862","0.0000","0.6111","1.2099","","4.87","",""
"385","U1546","A","1","H","1","W","38.0","39.0","0.380","0.378","0.847","7.058","4.9034","0.0000","0.9402","1.0360","","4.06","",""
"385","U1546","B","1","H","2","","120.0","130.0","1.960","1.960","0.981","8.175","5.3378","0.0000","0.5242","1.0014","","4.36","",""
"385","U1547","A","1","H","2","W","20.0","21.0","1.700","1.681","1.039","8.658","5.1776","0.0000","0.5989","1.2839","","4.14","",""
"385","U1547","B","1","H","3","","30.0","40.0","3.320","3.283","1.346","11.216","5.1034","0.0000","0.4507","1.2302","","3.76","",""
"385","U1548","A","1","H","1","W","80.0","81.0","0.800","0.800","1.116","9.300","5.1478","0.0000","0.5404","0.8343","","4.03","",""
"385","U1548","B","1","H","3","","20.0","27.0","3.210","3.189","0.966","8.050","4.0836","0.0000","0.3627","0.7207","","3.12","",""
"385","U1548","C","1","H","2","","100.0","107.0","2.510","2.497","1.087","9.058","5.2845","0.0000","0.4329","1.3163","","4.20","",""
"385","U1548","D","1","H","2","","136.0","141.0","2.870","2.843","1.202","10.016","5.4902","0.0000","0.4791","1.3475","","4.29","",""
"385","U1548","E","1","H","2","","146.0","151.0","2.960","1.475","1.260","10.500","5.2429","0.0000","0.4080","1.1889","","3.98","",""
"385","U1549","A","1","H","3","W","50.0","51.0","3.500","3.500","0.902","7.516","4.5843","0.0000","0.7550","1.0356","","3.68","",""
"385","U1549","B","1","H","3","","20.0","27.0","2.790","2.749","0.828","6.900","4.4573","0.0000","0.7787","1.0601","","3.63","",""
"385","U1550","A","1","H","3","W","50.0","51.0","3.500","3.500","0.389","3.242","2.6494","0.0000","0.3788","0.8824","","2.26","",""
"385","U1550","B","1","H","3","","20.0","27.0","3.220","3.156","0.453","3.775","3.0081","0.0000","0.3386","0.8500","","2.56","",""
"385","U1551","A","1","H","1","W","30.0","31.0","0.300","0.298","1.100","9.166","4.7521","0.0000","0.5074","1.2829","","3.65","",""
"385","U1551","B","1","H","2","","55.0","62.0","2.060","1.044","0.989","8.241","3.9483","0.0000","0.3905","1.0981","","2.96","",""
"396","U1565","A","1","R","1","W","9.0","10.0","0.090","0.090","1.252","10.433","1.5659","0.0000","0.0404","0.0000","","0.31","",""
"396","U1565","B","1","R","2","","141.0","151.0","2.910","2.910","1.228","10.233","1.5083","0.0000","0.0382","0.0000","","0.28","",""
"396","U1565","B","1","R","4","","140.0","150.0","5.910","5.910","1.203","10.025","1.2177","0.0000","0.0314","0.0000","","0.01","",""
"396","U1566","A","1","R","2","","145.0","150.0","2.950","2.950","1.323","11.025","1.5314","0.0000","0.0497","0.0000","","0.21","",""
"396","U1567","A","1","H","2","","145.0","150.0","2.950","2.944","0.891","7.425","1.2070","0.0000","0.0631","0.0000","","0.32","",""
"396","U1567","A","1","H","3","","145.0","150.0","4.450","4.442","0.951","7.925","1.4744","0.0000","0.0581","0.0000","","0.52","",""
"396","U1568","A","1","H","2","","146.0","151.0","2.960","2.960","1.034","8.616","1.4258","0.0000","0.0741","0.0000","","0.39","",""
"396","U1569","A","1","R","2","","106.0","111.0","2.560","2.560","1.336","11.133","1.7563","0.0000","0.0581","0.0000","","0.42","",""
"396","U1570","A","1","R","1","","145.0","150.0","1.450","1.450","1.296","10.800","1.2910","0.0000","0.0722","0.0000","","bdl","",""
"396","U1570","A","1","R","3","","145.0","150.0","4.450","4.450","3.795","31.624","3.7757","0.0000","0.0564","0.0000","","bdl","",""
"396","U1570","B","1","R","2","","93.0","98.0","2.440","2.440","0.401","3.342","0.7476","0.0000","0.0636","0.0000","","0.35","",""
"396","U1570","B","1","R","4","","85.0","90.0","4.850","4.850","3.867","32.224","4.1473","0.0000","0.0435","0.0000","","0.28","",""
"396","U1571","B","1","H","1","","146.0","151.0","1.460","1.440","1.208","10.066","1.5367","0.0000","0.0488","0.0000","","0.33","",""
"396","U1571","B","1","H","3","","127.0","132.0","4.280","4.220","2.571","21.424","2.8004","0.0000","0.0467","0.0000","","0.23","",""
"396","U1572","B","1","H","2","","145.0","150.0","2.960","2.960","1.560","12.999","1.8783","0.0000","0.0577","0.0000","","0.32","",""
"396","U1572","B","1","H","4","","145.0","150.0","5.960","5.960","1.167","9.725","1.5289","0.0000","0.0484","0.0000","","0.36","",""
"396","U1574","A","1","R","2","","145.0","150.0","2.950","2.950","0.117","0.975","0.4606","0.0000","0.0455","0.0000","","0.34","",""
"396","U1574","C","1","H","2","","145.0","150.0","2.950","2.828","1.413","11.775","1.4993","0.0000","0.0411","0.0000","","0.09","",""
"396","U1574","C","1","H","4","","145.0","150.0","5.960","5.713","0.160","1.333","1.1624","0.0000","0.0780","0.2512","","1.00","",""
"396","U1574","C","1","H","6","","146.0","151.0","8.980","8.609","0.203","1.692","0.3175","0.0000","0.0430","0.0000","","0.11","",""
